"Time","L1","L2","L3"
2024-06-05 22:07:00,1.30 K,1.16 K,2.39 K
2024-06-05 22:08:00,2.29 K,2.57 K,2.89 K
2024-06-05 22:09:00,2.40 K,2.65 K,3.04 K
2024-06-05 22:10:00,2.64 K,2.79 K,2.50 K
2024-06-05 22:11:00,1.29 K,1.11 K,1.70 K
2024-06-05 22:12:00,1.86 K,1.73 K,1.96 K
2024-06-05 22:13:00,1.07 K,1.16 K,1.68 K
2024-06-05 22:14:00,1.56 K,1.85 K,1.62 K
2024-06-05 22:15:00,1.68 K,1.90 K,1.69 K
2024-06-05 22:16:00,1.68 K,1.76 K,3.32 K
2024-06-05 22:17:00,1.64 K,1.73 K,1.33 K
2024-06-05 22:18:00,1.66 K,1.79 K,1.31 K
2024-06-05 22:19:00,1.64 K,1.80 K,2.70 K
2024-06-05 22:20:00,1.65 K,1.94 K,1.28 K
2024-06-05 22:21:00,1.56 K,1.90 K,1.41 K
2024-06-05 22:22:00,1.68 K,1.69 K,2.01 K
2024-06-05 22:23:00,1.64 K,1.81 K,1.52 K
2024-06-05 22:24:00,1.65 K,1.76 K,1.87 K
2024-06-05 22:25:00,1.65 K,1.74 K,2.35 K
2024-06-05 22:26:00,1.67 K,1.83 K,2.38 K
2024-06-05 22:27:00,1.65 K,1.73 K,3.04 K
2024-06-05 22:28:00,1.62 K,1.78 K,3.27 K
2024-06-05 22:29:00,1.08 K,1.11 K,1.14 K
2024-06-05 22:30:00,1.08 K,1.11 K,1.72 K
2024-06-05 22:31:00,1.07 K,1.12 K,2.12 K
2024-06-05 22:32:00,1.06 K,1.16 K,640
2024-06-05 22:33:00,1.08 K,1.14 K,1.00 K
2024-06-05 22:34:00,1.07 K,1.18 K,1.75 K
2024-06-05 22:35:00,1.61 K,1.74 K,1.93 K
2024-06-05 22:36:00,1.57 K,1.75 K,1.28 K
2024-06-05 22:37:00,1.66 K,1.80 K,1.94 K
2024-06-05 22:38:00,1.62 K,1.67 K,1.97 K
2024-06-05 22:39:00,1.67 K,2.01 K,2.18 K
2024-06-05 22:40:00,1.74 K,1.99 K,1.97 K
2024-06-05 22:41:00,1.64 K,1.71 K,2.14 K
2024-06-05 22:42:00,1.69 K,1.81 K,2.17 K
2024-06-05 22:43:00,1.32 K,1.11 K,1.31 K
2024-06-05 22:44:00,1.82 K,1.69 K,1.93 K
2024-06-05 22:45:00,1.89 K,1.82 K,1.48 K
2024-06-05 22:46:00,1.84 K,1.77 K,2.53 K
2024-06-05 22:47:00,1.92 K,2.03 K,2.01 K
2024-06-05 22:48:00,1.87 K,1.85 K,1.44 K
2024-06-05 22:49:00,1.89 K,1.89 K,2.48 K
2024-06-05 22:50:00,1.83 K,1.80 K,2.73 K
2024-06-05 22:51:00,1.87 K,1.71 K,2.33 K
2024-06-05 22:52:00,1.87 K,1.94 K,3.36 K
2024-06-05 22:53:00,1.86 K,1.78 K,2.39 K
2024-06-05 22:54:00,1.28 K,1.16 K,1.40 K
2024-06-05 22:55:00,1.31 K,1.12 K,2.62 K
2024-06-05 22:56:00,1.30 K,1.13 K,1.39 K
2024-06-05 22:57:00,1.83 K,1.81 K,1.63 K
2024-06-05 22:58:00,1.82 K,1.75 K,1.66 K
2024-06-05 22:59:00,1.96 K,1.86 K,2.44 K
2024-06-05 23:00:00,1.88 K,1.85 K,2.31 K
2024-06-05 23:01:00,1.84 K,1.72 K,1.64 K
2024-06-05 23:02:00,1.91 K,1.80 K,1.67 K
2024-06-05 23:03:00,1.90 K,1.79 K,2.00 K
2024-06-05 23:04:00,1.83 K,1.83 K,1.22 K
2024-06-05 23:05:00,1.86 K,1.93 K,1.94 K
2024-06-05 23:06:00,1.87 K,1.79 K,2.01 K
2024-06-05 23:07:00,1.30 K,1.28 K,282
2024-06-05 23:08:00,1.31 K,1.35 K,1.43 K
2024-06-05 23:09:00,1.30 K,1.18 K,1.41 K
2024-06-05 23:10:00,1.31 K,1.29 K,1.51 K
2024-06-05 23:11:00,1.30 K,1.21 K,1.42 K
2024-06-05 23:12:00,1.31 K,1.16 K,1.76 K
2024-06-05 23:13:00,2.29 K,2.31 K,2.88 K
2024-06-05 23:14:00,2.45 K,2.41 K,2.93 K
2024-06-05 23:15:00,1.89 K,1.78 K,2.61 K
2024-06-05 23:16:00,1.87 K,1.79 K,1.97 K
2024-06-05 23:17:00,1.85 K,1.82 K,1.98 K
2024-06-05 23:18:00,1.84 K,1.93 K,3.02 K
2024-06-05 23:19:00,1.28 K,1.15 K,1.03 K
2024-06-05 23:20:00,1.31 K,1.17 K,1.76 K
2024-06-05 23:21:00,1.29 K,1.21 K,1.79 K
2024-06-05 23:22:00,1.31 K,1.31 K,1.20 K
2024-06-05 23:23:00,1.29 K,1.17 K,1.42 K
2024-06-05 23:24:00,1.30 K,1.13 K,1.39 K
2024-06-05 23:25:00,2.30 K,2.54 K,2.56 K
2024-06-05 23:26:00,2.07 K,2.38 K,3.37 K
2024-06-05 23:27:00,1.59 K,1.91 K,1.77 K
2024-06-05 23:28:00,1.55 K,1.75 K,1.37 K
2024-06-05 23:29:00,1.63 K,1.88 K,1.08 K
2024-06-05 23:30:00,1.58 K,1.78 K,1.81 K
2024-06-05 23:31:00,958,1.08 K,1.16 K
2024-06-05 23:32:00,979,1.09 K,1.53 K
2024-06-05 23:33:00,973,1.19 K,2.24 K
2024-06-05 23:34:00,967,1.19 K,2.58 K
2024-06-05 23:35:00,971,1.17 K,1.55 K
2024-06-05 23:36:00,961,1.14 K,1.53 K
2024-06-05 23:37:00,1.96 K,2.36 K,3.50 K
2024-06-05 23:38:00,2.12 K,2.44 K,3.23 K
2024-06-05 23:39:00,1.59 K,1.68 K,2.14 K
2024-06-05 23:40:00,1.50 K,1.90 K,2.12 K
2024-06-05 23:41:00,1.54 K,1.93 K,2.49 K
2024-06-05 23:42:00,957,1.03 K,1.58 K
2024-06-05 23:43:00,985,1.03 K,777
2024-06-05 23:44:00,976,1.21 K,406
2024-06-05 23:45:00,978,1.15 K,1.53 K
2024-06-05 23:46:00,976,1.15 K,778
2024-06-05 23:47:00,984,1.13 K,399
2024-06-05 23:48:00,973,948,797
2024-06-05 23:49:00,2.01 K,2.38 K,2.36 K
2024-06-05 23:50:00,2.13 K,2.59 K,2.03 K
2024-06-05 23:51:00,1.54 K,1.63 K,1.38 K
2024-06-05 23:52:00,1.64 K,1.71 K,1.09 K
2024-06-05 23:53:00,1.02 K,1.17 K,1.19 K
2024-06-05 23:54:00,973,1.06 K,445
2024-06-05 23:55:00,974,1.05 K,24.1
2024-06-05 23:56:00,987,1.12 K,1.15 K
2024-06-05 23:57:00,975,1.11 K,796
2024-06-05 23:58:00,977,1.07 K,1.06 K
2024-06-05 23:59:00,1.90 K,2.23 K,2.29 K
2024-06-06 00:00:00,2.12 K,2.47 K,2.72 K
2024-06-06 00:01:00,2.32 K,2.65 K,2.50 K
2024-06-06 00:02:00,1.53 K,1.77 K,2.49 K
2024-06-06 00:03:00,1.50 K,1.71 K,1.77 K
2024-06-06 00:04:00,1.58 K,1.93 K,1.96 K
2024-06-06 00:05:00,1.59 K,1.80 K,1.46 K
2024-06-06 00:06:00,961,1.09 K,800
2024-06-06 00:07:00,978,1.04 K,1.17 K
2024-06-06 00:08:00,963,1.06 K,770
2024-06-06 00:09:00,962,1.04 K,1.17 K
2024-06-06 00:10:00,982,994,777
2024-06-06 00:11:00,1.41 K,1.73 K,1.35 K
2024-06-06 00:12:00,1.88 K,2.48 K,2.79 K
2024-06-06 00:13:00,1.86 K,2.61 K,2.47 K
2024-06-06 00:14:00,1.86 K,2.38 K,2.20 K
2024-06-06 00:15:00,1.85 K,2.54 K,3.19 K
2024-06-06 00:16:00,1.85 K,2.51 K,1.78 K
2024-06-06 00:17:00,1.86 K,2.43 K,2.15 K
2024-06-06 00:18:00,1.82 K,2.54 K,2.90 K
2024-06-06 00:19:00,1.86 K,2.52 K,2.84 K
2024-06-06 00:20:00,1.83 K,2.42 K,2.15 K
2024-06-06 00:21:00,1.87 K,2.39 K,2.73 K
2024-06-06 00:22:00,1.82 K,2.48 K,2.52 K
2024-06-06 00:23:00,1.83 K,2.50 K,2.55 K
2024-06-06 00:24:00,1.82 K,2.57 K,4.00 K
2024-06-06 00:25:00,1.85 K,2.47 K,3.29 K
2024-06-06 00:26:00,1.85 K,2.46 K,2.92 K
2024-06-06 00:27:00,1.87 K,2.50 K,3.24 K
2024-06-06 00:28:00,1.83 K,2.46 K,2.63 K
2024-06-06 00:29:00,1.22 K,1.76 K,1.48 K
2024-06-06 00:30:00,1.21 K,1.86 K,2.61 K
2024-06-06 00:31:00,537,1.25 K,1.18 K
2024-06-06 00:32:00,1.48 K,2.21 K,2.09 K
2024-06-06 00:33:00,1.45 K,2.07 K,2.84 K
2024-06-06 00:34:00,2.42 K,2.78 K,2.80 K
2024-06-06 00:35:00,2.37 K,2.65 K,2.98 K
2024-06-06 00:36:00,2.29 K,2.49 K,3.64 K
2024-06-06 00:37:00,2.33 K,2.87 K,2.60 K
2024-06-06 00:38:00,2.27 K,2.64 K,2.11 K
2024-06-06 00:39:00,2.24 K,2.64 K,2.98 K
2024-06-06 00:40:00,2.21 K,2.52 K,1.52 K
2024-06-06 00:41:00,2.16 K,2.36 K,1.79 K
2024-06-06 00:42:00,2.11 K,2.37 K,3.13 K
2024-06-06 00:43:00,2.13 K,2.54 K,2.61 K
2024-06-06 00:44:00,2.10 K,2.40 K,2.32 K
2024-06-06 00:45:00,2.03 K,2.54 K,2.86 K
2024-06-06 00:46:00,2.11 K,2.44 K,1.55 K
2024-06-06 00:47:00,1.52 K,1.87 K,1.73 K
2024-06-06 00:48:00,1.57 K,1.68 K,2.08 K
2024-06-06 00:49:00,1.55 K,1.53 K,1.32 K
2024-06-06 00:50:00,982,864,440
2024-06-06 00:51:00,989,939,1.50 K
2024-06-06 00:52:00,1.50 K,1.81 K,1.36 K
2024-06-06 00:53:00,1.99 K,2.45 K,1.92 K
2024-06-06 00:54:00,2.11 K,2.57 K,3.09 K
2024-06-06 00:55:00,1.53 K,2.02 K,2.09 K
2024-06-06 00:56:00,1.55 K,1.27 K,1.05 K
2024-06-06 00:57:00,1.55 K,1.73 K,2.46 K
2024-06-06 00:58:00,1.55 K,1.79 K,1.05 K
2024-06-06 00:59:00,1.58 K,1.88 K,1.02 K
2024-06-06 01:00:00,1.55 K,1.77 K,2.53 K
2024-06-06 01:01:00,1.57 K,1.81 K,1.38 K
2024-06-06 01:02:00,1.56 K,1.75 K,1.42 K
2024-06-06 01:03:00,1.55 K,1.64 K,2.91 K
2024-06-06 01:04:00,1.55 K,1.80 K,1.02 K
2024-06-06 01:05:00,1.49 K,1.78 K,1.72 K
2024-06-06 01:06:00,1.46 K,1.76 K,2.10 K
2024-06-06 01:07:00,1.45 K,2.00 K,1.76 K
2024-06-06 01:08:00,1.44 K,1.93 K,1.80 K
2024-06-06 01:09:00,1.54 K,1.88 K,2.22 K
2024-06-06 01:10:00,1.53 K,1.92 K,2.49 K
2024-06-06 01:11:00,1.52 K,1.84 K,1.85 K
2024-06-06 01:12:00,1.55 K,1.76 K,1.38 K
2024-06-06 01:13:00,1.52 K,1.73 K,1.89 K
2024-06-06 01:14:00,967,1.10 K,1.16 K
2024-06-06 01:15:00,965,1.12 K,1.88 K
2024-06-06 01:16:00,958,1.10 K,1.07 K
2024-06-06 01:17:00,964,1.01 K,1.15 K
2024-06-06 01:18:00,967,1.09 K,1.14 K
2024-06-06 01:19:00,541,1.09 K,1.89 K
2024-06-06 01:20:00,548,1.34 K,2.14 K
2024-06-06 01:21:00,537,1.26 K,1.51 K
2024-06-06 01:22:00,549,1.10 K,1.96 K
2024-06-06 01:23:00,742,1.12 K,1.87 K
2024-06-06 01:24:00,1.32 K,1.77 K,1.52 K
2024-06-06 01:25:00,1.33 K,1.78 K,1.64 K
2024-06-06 01:26:00,1.34 K,1.79 K,1.76 K
2024-06-06 01:27:00,1.34 K,1.85 K,1.39 K
2024-06-06 01:28:00,1.34 K,1.69 K,1.90 K
2024-06-06 01:29:00,1.35 K,1.73 K,2.11 K
2024-06-06 01:30:00,1.36 K,1.76 K,2.49 K
2024-06-06 01:31:00,1.40 K,1.94 K,2.13 K
2024-06-06 01:32:00,1.38 K,1.87 K,2.04 K
2024-06-06 01:33:00,1.39 K,1.72 K,2.54 K
2024-06-06 01:34:00,1.33 K,1.83 K,1.76 K
2024-06-06 01:35:00,1.28 K,721,593
2024-06-06 01:36:00,1.26 K,703,612
2024-06-06 01:37:00,1.36 K,707,645
2024-06-06 01:38:00,1.34 K,713,645
2024-06-06 01:39:00,1.38 K,716,632
2024-06-06 01:40:00,1.35 K,712,631
2024-06-06 01:41:00,1.36 K,697,625
2024-06-06 01:42:00,1.31 K,690,629
2024-06-06 01:43:00,1.34 K,692,609
2024-06-06 01:44:00,1.33 K,688,612
2024-06-06 01:45:00,1.28 K,694,591
2024-06-06 01:46:00,1.36 K,718,625
2024-06-06 01:47:00,1.38 K,720,618
2024-06-06 01:48:00,1.36 K,709,622
2024-06-06 01:49:00,769,0.342,-0.419
2024-06-06 01:50:00,752,0.482,-0.508
2024-06-06 01:51:00,751,0.370,-0.589
2024-06-06 01:52:00,767,0.373,-0.483
2024-06-06 01:53:00,766,0.419,-0.560
2024-06-06 01:54:00,761,0.441,-0.514
2024-06-06 01:55:00,767,0.395,-0.463
2024-06-06 01:56:00,1.30 K,671,555
2024-06-06 01:57:00,1.29 K,658,568
2024-06-06 01:58:00,1.30 K,658,568
2024-06-06 01:59:00,1.32 K,690,590
2024-06-06 02:00:00,1.30 K,667,549
2024-06-06 02:01:00,1.29 K,645,565
2024-06-06 02:02:00,1.29 K,656,575
2024-06-06 02:03:00,1.28 K,659,563
2024-06-06 02:04:00,1.29 K,641,546
2024-06-06 02:05:00,1.29 K,640,568
2024-06-06 02:06:00,753,0.342,-0.777
2024-06-06 02:07:00,750,0.434,-0.958
2024-06-06 02:08:00,765,0.397,-0.844
2024-06-06 02:09:00,766,0.427,-0.812
2024-06-06 02:10:00,768,0.437,-0.822
2024-06-06 02:11:00,766,0.469,-0.478
2024-06-06 02:12:00,1.30 K,657,560
2024-06-06 02:13:00,1.33 K,676,582
2024-06-06 02:14:00,1.44 K,793,682
2024-06-06 02:15:00,1.38 K,737,652
2024-06-06 02:16:00,1.29 K,712,612
2024-06-06 02:17:00,1.33 K,701,611
2024-06-06 02:18:00,1.38 K,734,630
2024-06-06 02:19:00,1.39 K,726,624
2024-06-06 02:20:00,1.36 K,715,611
2024-06-06 02:21:00,1.28 K,699,599
2024-06-06 02:22:00,767,0.517,-0.485
2024-06-06 02:23:00,764,0.515,-0.491
2024-06-06 02:24:00,763,0.574,-0.504
2024-06-06 02:25:00,769,0.505,-0.475
2024-06-06 02:26:00,765,0.525,-0.501
2024-06-06 02:27:00,764,0.492,-0.486
2024-06-06 02:28:00,764,0.536,-0.525
2024-06-06 02:29:00,1.24 K,673,571
2024-06-06 02:30:00,1.27 K,702,601
2024-06-06 02:31:00,1.29 K,715,620
2024-06-06 02:32:00,1.39 K,751,661
2024-06-06 02:33:00,1.38 K,723,627
2024-06-06 02:34:00,1.35 K,692,596
2024-06-06 02:35:00,1.38 K,706,633
2024-06-06 02:36:00,1.30 K,705,588
2024-06-06 02:37:00,1.30 K,705,598
2024-06-06 02:38:00,776,0.474,-0.519
2024-06-06 02:39:00,764,0.450,-0.503
2024-06-06 02:40:00,764,0.494,-0.486
2024-06-06 02:41:00,770,0.512,-0.477
2024-06-06 02:42:00,770,0.505,-0.535
2024-06-06 02:43:00,755,0.431,-0.854
2024-06-06 02:44:00,759,0.450,-0.834
2024-06-06 02:45:00,1.29 K,664,586
2024-06-06 02:46:00,1.33 K,665,569
2024-06-06 02:47:00,1.33 K,708,631
2024-06-06 02:48:00,1.32 K,658,569
2024-06-06 02:49:00,1.25 K,683,586
2024-06-06 02:50:00,1.37 K,702,613
2024-06-06 02:51:00,1.35 K,714,630
2024-06-06 02:52:00,1.28 K,690,601
2024-06-06 02:53:00,752,0.489,-0.458
2024-06-06 02:54:00,756,0.444,-0.464
2024-06-06 02:55:00,749,0.430,-0.483
2024-06-06 02:56:00,753,0.468,-0.447
2024-06-06 02:57:00,745,0.472,-0.485
2024-06-06 02:58:00,759,0.406,-0.421
2024-06-06 02:59:00,1.32 K,669,586
2024-06-06 03:00:00,1.31 K,655,576
2024-06-06 03:01:00,1.43 K,783,708
2024-06-06 03:02:00,1.34 K,702,627
2024-06-06 03:03:00,1.40 K,726,644
2024-06-06 03:04:00,1.37 K,714,648
2024-06-06 03:05:00,1.37 K,699,626
2024-06-06 03:06:00,1.36 K,699,625
2024-06-06 03:07:00,1.34 K,681,607
2024-06-06 03:08:00,745,0.434,-0.404
2024-06-06 03:09:00,745,0.455,-0.396
2024-06-06 03:10:00,745,0.470,-0.442
2024-06-06 03:11:00,748,0.366,-0.683
2024-06-06 03:12:00,736,0.408,-0.719
2024-06-06 03:13:00,745,0.405,-0.725
2024-06-06 03:14:00,737,0.454,-0.495
2024-06-06 03:15:00,1.30 K,669,599
2024-06-06 03:16:00,1.25 K,665,590
2024-06-06 03:17:00,1.34 K,703,631
2024-06-06 03:18:00,1.37 K,723,645
2024-06-06 03:19:00,1.55 K,704,639
2024-06-06 03:20:00,1.56 K,683,614
2024-06-06 03:21:00,1.54 K,685,625
2024-06-06 03:22:00,1.54 K,685,627
2024-06-06 03:23:00,1.54 K,680,617
2024-06-06 03:24:00,1.54 K,689,631
2024-06-06 03:25:00,1.53 K,680,620
2024-06-06 03:26:00,1.54 K,673,605
2024-06-06 03:27:00,956,0.120,-0.144
2024-06-06 03:28:00,953,0.0845,-0.155
2024-06-06 03:29:00,960,0.0805,-0.148
2024-06-06 03:30:00,954,0.177,-0.149
2024-06-06 03:31:00,952,0.265,-0.153
2024-06-06 03:32:00,944,0.224,-0.140
2024-06-06 03:33:00,1.43 K,612,555
2024-06-06 03:34:00,2.03 K,1.31 K,1.20 K
2024-06-06 03:35:00,2.01 K,1.27 K,1.15 K
2024-06-06 03:36:00,1.52 K,696,597
2024-06-06 03:37:00,1.47 K,647,550
2024-06-06 03:38:00,1.48 K,640,548
2024-06-06 03:39:00,1.47 K,637,554
2024-06-06 03:40:00,948,0.322,-0.588
2024-06-06 03:41:00,947,0.294,-0.595
2024-06-06 03:42:00,952,0.361,-0.424
2024-06-06 03:43:00,949,0.342,-0.388
2024-06-06 03:44:00,954,0.378,-0.407
2024-06-06 03:45:00,938,0.302,-0.434
2024-06-06 03:46:00,1.96 K,1.29 K,1.13 K
2024-06-06 03:47:00,2.04 K,1.29 K,1.13 K
2024-06-06 03:48:00,1.55 K,712,631
2024-06-06 03:49:00,1.48 K,630,568
2024-06-06 03:50:00,1.43 K,638,560
2024-06-06 03:51:00,1.55 K,703,645
2024-06-06 03:52:00,940,0.399,-0.429
2024-06-06 03:53:00,952,0.351,-0.398
2024-06-06 03:54:00,945,0.357,-0.444
2024-06-06 03:55:00,957,0.340,-0.399
2024-06-06 03:56:00,952,0.393,-0.418
2024-06-06 03:57:00,959,0.306,-0.403
2024-06-06 03:58:00,1.51 K,662,572
2024-06-06 03:59:00,2.02 K,1.30 K,1.17 K
2024-06-06 04:00:00,2.14 K,1.38 K,1.30 K
2024-06-06 04:01:00,1.52 K,668,621
2024-06-06 04:02:00,1.53,0.151,-0.232
2024-06-06 04:03:00,1.57,0.159,-0.241
2024-06-06 04:04:00,482,0.214,-0.267
2024-06-06 04:05:00,477,0.172,-0.304
2024-06-06 04:06:00,481,0.241,-0.262
2024-06-06 04:07:00,682,0.442,-0.247
2024-06-06 04:08:00,682,0.457,-0.245
2024-06-06 04:09:00,1.74 K,1.32 K,1.33 K
2024-06-06 04:10:00,1.74 K,1.34 K,1.32 K
2024-06-06 04:11:00,1.74 K,1.34 K,1.31 K
2024-06-06 04:12:00,1.74 K,1.34 K,1.32 K
2024-06-06 04:13:00,1.74 K,1.33 K,1.31 K
2024-06-06 04:14:00,1.73 K,1.32 K,1.30 K
2024-06-06 04:15:00,1.73 K,1.33 K,1.31 K
2024-06-06 04:16:00,1.73 K,1.33 K,1.31 K
2024-06-06 04:17:00,1.76 K,1.33 K,1.30 K
2024-06-06 04:18:00,1.77 K,1.33 K,1.30 K
2024-06-06 04:19:00,1.77 K,1.33 K,1.31 K
2024-06-06 04:20:00,1.75 K,1.32 K,1.29 K
2024-06-06 04:21:00,1.77 K,1.33 K,1.30 K
2024-06-06 04:22:00,1.77 K,1.34 K,1.30 K
2024-06-06 04:23:00,1.77 K,1.34 K,1.31 K
2024-06-06 04:24:00,1.30 K,844,827
2024-06-06 04:25:00,1.13 K,667,653
2024-06-06 04:26:00,1.13 K,672,657
2024-06-06 04:27:00,485,0.288,-0.299
2024-06-06 04:28:00,484,0.314,-0.392
2024-06-06 04:29:00,484,0.318,-0.379
2024-06-06 04:30:00,1.43 K,1.05 K,949
2024-06-06 04:31:00,1.43 K,838,752
2024-06-06 04:32:00,1.34 K,745,664
2024-06-06 04:33:00,1.35 K,760,674
2024-06-06 04:34:00,1.34 K,751,662
2024-06-06 04:35:00,1.29 K,730,643
2024-06-06 04:36:00,1.32 K,726,633
2024-06-06 04:37:00,1.32 K,719,642
2024-06-06 04:38:00,1.31 K,692,607
2024-06-06 04:39:00,1.27 K,687,611
2024-06-06 04:40:00,1.31 K,724,644
2024-06-06 04:41:00,1.29 K,703,628
2024-06-06 04:42:00,1.20 K,685,604
2024-06-06 04:43:00,1.26 K,675,601
2024-06-06 04:44:00,1.26 K,680,614
2024-06-06 04:45:00,1.28 K,699,637
2024-06-06 04:46:00,1.18 K,677,610
2024-06-06 04:47:00,1.17 K,671,607
2024-06-06 04:48:00,1.25 K,673,606
2024-06-06 04:49:00,1.25 K,673,608
2024-06-06 04:50:00,1.27 K,693,622
2024-06-06 04:51:00,1.26 K,681,613
2024-06-06 04:52:00,1.20 K,676,591
2024-06-06 04:53:00,1.23 K,671,598
2024-06-06 04:54:00,1.27 K,676,605
2024-06-06 04:55:00,1.24 K,647,589
2024-06-06 04:56:00,1.28 K,675,610
2024-06-06 04:57:00,1.28 K,668,603
2024-06-06 04:58:00,1.28 K,683,610
2024-06-06 04:59:00,1.27 K,663,591
2024-06-06 05:00:00,1.28 K,667,620
2024-06-06 05:01:00,1.28 K,665,611
2024-06-06 05:02:00,1.26 K,643,592
2024-06-06 05:03:00,1.26 K,670,612
2024-06-06 05:04:00,1.28 K,665,611
2024-06-06 05:05:00,1.29 K,670,615
2024-06-06 05:06:00,1.29 K,662,606
2024-06-06 05:07:00,1.30 K,671,610
2024-06-06 05:08:00,1.27 K,674,623
2024-06-06 05:09:00,1.26 K,678,621
2024-06-06 05:10:00,1.27 K,681,624
2024-06-06 05:11:00,1.27 K,679,621
2024-06-06 05:12:00,1.25 K,669,621
2024-06-06 05:13:00,1.21 K,669,613
2024-06-06 05:14:00,1.18 K,663,599
2024-06-06 05:15:00,1.17 K,670,610
2024-06-06 05:16:00,1.27 K,675,622
2024-06-06 05:17:00,680,0.417,-0.365
2024-06-06 05:18:00,684,0.489,-0.297
2024-06-06 05:19:00,680,0.476,-0.300
2024-06-06 05:20:00,685,0.471,-0.425
2024-06-06 05:21:00,684,0.443,-0.337
2024-06-06 05:22:00,685,0.442,-0.340
2024-06-06 05:23:00,684,0.448,-0.315
2024-06-06 05:24:00,1.22 K,654,598
2024-06-06 05:25:00,1.23 K,661,609
2024-06-06 05:26:00,1.25 K,686,636
2024-06-06 05:27:00,1.18 K,679,628
2024-06-06 05:28:00,1.25 K,678,637
2024-06-06 05:29:00,1.14 K,641,596
2024-06-06 05:30:00,1.18 K,673,626
2024-06-06 05:31:00,1.17 K,670,617
2024-06-06 05:32:00,1.17 K,664,617
2024-06-06 05:33:00,1.25 K,683,638
2024-06-06 05:34:00,1.25 K,678,629
2024-06-06 05:35:00,1.24 K,677,611
2024-06-06 05:36:00,685,0.428,-0.0378
2024-06-06 05:37:00,684,0.469,-0.0482
2024-06-06 05:38:00,669,0.498,-0.0519
2024-06-06 05:39:00,677,0.487,-0.0547
2024-06-06 05:40:00,675,0.460,-0.0566
2024-06-06 05:41:00,677,0.492,-0.0521
2024-06-06 05:42:00,681,0.454,-0.138
2024-06-06 05:43:00,682,0.446,-0.133
2024-06-06 05:44:00,1.20 K,671,611
2024-06-06 05:45:00,1.22 K,665,604
2024-06-06 05:46:00,1.28 K,727,657
2024-06-06 05:47:00,1.25 K,700,625
2024-06-06 05:48:00,1.16 K,685,611
2024-06-06 05:49:00,1.20 K,705,621
2024-06-06 05:50:00,1.19 K,679,627
2024-06-06 05:51:00,1.26 K,683,632
2024-06-06 05:52:00,1.27 K,695,645
2024-06-06 05:53:00,1.25 K,669,624
2024-06-06 05:54:00,1.26 K,677,632
2024-06-06 05:55:00,691,0.403,0.0312
2024-06-06 05:56:00,688,0.388,0.0370
2024-06-06 05:57:00,686,0.396,0.0381
2024-06-06 05:58:00,684,0.347,-0.258
2024-06-06 05:59:00,683,0.356,-0.262
2024-06-06 06:00:00,683,0.409,0.0311
2024-06-06 06:01:00,683,0.345,0.145
2024-06-06 06:02:00,685,0.364,0.155
2024-06-06 06:03:00,1.25 K,667,639
2024-06-06 06:04:00,1.46 K,667,653
2024-06-06 06:05:00,2.05 K,1.41 K,1.37 K
2024-06-06 06:06:00,1.91 K,1.27 K,1.23 K
2024-06-06 06:07:00,1.48 K,684,661
2024-06-06 06:08:00,1.50 K,681,616
2024-06-06 06:09:00,1.40 K,663,602
2024-06-06 06:10:00,1.41 K,655,617
2024-06-06 06:11:00,1.40 K,677,649
2024-06-06 06:12:00,1.38 K,649,628
2024-06-06 06:13:00,904,0.211,-0.0165
2024-06-06 06:14:00,904,0.208,-0.0169
2024-06-06 06:15:00,907,0.225,-0.0198
2024-06-06 06:16:00,906,0.229,-0.00576
2024-06-06 06:17:00,897,0.279,0.0339
2024-06-06 06:18:00,891,0.301,0.0313
2024-06-06 06:19:00,880,0.331,0.0387
2024-06-06 06:20:00,1.94 K,1.31 K,1.30 K
2024-06-06 06:21:00,1.89 K,1.26 K,1.26 K
2024-06-06 06:22:00,1.42 K,661,663
2024-06-06 06:23:00,1.39 K,631,642
2024-06-06 06:24:00,1.31 K,623,619
2024-06-06 06:25:00,1.45 K,691,684
2024-06-06 06:26:00,887,0.269,0.0177
2024-06-06 06:27:00,879,0.293,0.0271
2024-06-06 06:28:00,888,0.271,0.0456
2024-06-06 06:29:00,904,0.236,0.0497
2024-06-06 06:30:00,901,0.259,0.0288
2024-06-06 06:31:00,899,0.266,0.0315
2024-06-06 06:32:00,900,0.260,0.0346
2024-06-06 06:33:00,1.88 K,1.29 K,1.25 K
2024-06-06 06:34:00,1.92 K,1.27 K,1.23 K
2024-06-06 06:35:00,1.41 K,626,617
2024-06-06 06:36:00,1.42 K,641,632
2024-06-06 06:37:00,1.38 K,596,592
2024-06-06 06:38:00,1.40 K,625,615
2024-06-06 06:39:00,1.33 K,626,613
2024-06-06 06:40:00,1.37 K,659,655
2024-06-06 06:41:00,896,0.291,0.0447
2024-06-06 06:42:00,895,0.280,0.0358
2024-06-06 06:43:00,894,0.252,0.0300
2024-06-06 06:44:00,894,0.262,0.0365
2024-06-06 06:45:00,893,0.258,0.0425
2024-06-06 06:46:00,893,0.270,0.0397
2024-06-06 06:47:00,893,0.268,0.0423
2024-06-06 06:48:00,1.94 K,1.30 K,1.27 K
2024-06-06 06:49:00,1.90 K,1.30 K,1.26 K
2024-06-06 06:50:00,1.41 K,690,672
2024-06-06 06:51:00,1.37 K,671,653
2024-06-06 06:52:00,1.37 K,649,638
2024-06-06 06:53:00,1.37 K,637,631
2024-06-06 06:54:00,906,0.274,0.0361
2024-06-06 06:55:00,904,0.248,0.0389
2024-06-06 06:56:00,906,0.244,0.0420
2024-06-06 06:57:00,904,0.235,0.0418
2024-06-06 06:58:00,892,0.222,0.0142
2024-06-06 06:59:00,896,0.263,0.0189
2024-06-06 07:00:00,903,0.268,0.0230
2024-06-06 07:01:00,1.99 K,1.35 K,1.31 K
2024-06-06 07:02:00,1.90 K,1.30 K,1.26 K
2024-06-06 07:03:00,1.40 K,694,684
2024-06-06 07:04:00,1.45 K,674,668
2024-06-06 07:05:00,1.45 K,673,661
2024-06-06 07:06:00,897,0.254,0.0322
2024-06-06 07:07:00,891,0.261,0.0237
2024-06-06 07:08:00,899,0.244,0.0266
2024-06-06 07:09:00,900,0.218,0.0423
2024-06-06 07:10:00,898,0.214,0.0186
2024-06-06 07:11:00,900,0.198,0.0327
2024-06-06 07:12:00,900,0.243,0.0316
2024-06-06 07:13:00,1.91 K,1.32 K,1.30 K
2024-06-06 07:14:00,1.90 K,1.28 K,1.27 K
2024-06-06 07:15:00,1.50 K,717,696
2024-06-06 07:16:00,1.48 K,698,676
2024-06-06 07:17:00,1.49 K,707,685
2024-06-06 07:18:00,1.44 K,651,620
2024-06-06 07:19:00,898,0.242,0.0381
2024-06-06 07:20:00,900,0.189,-0.255
2024-06-06 07:21:00,897,0.200,-0.259
2024-06-06 07:22:00,899,0.239,0.0414
2024-06-06 07:23:00,900,0.257,0.0474
2024-06-06 07:24:00,898,0.260,0.0400
2024-06-06 07:25:00,903,0.258,0.0427
2024-06-06 07:26:00,1.93 K,1.26 K,1.21 K
2024-06-06 07:27:00,2.02 K,1.33 K,1.27 K
2024-06-06 07:28:00,1.48 K,677,659
2024-06-06 07:29:00,1.47 K,679,664
2024-06-06 07:30:00,904,0.257,0.0443
2024-06-06 07:31:00,908,0.248,-0.0529
2024-06-06 07:32:00,899,0.253,0.0424
2024-06-06 07:33:00,895,0.190,0.0437
2024-06-06 07:34:00,900,0.248,0.0347
2024-06-06 07:35:00,898,0.270,0.0391
2024-06-06 07:36:00,898,0.272,0.0414
2024-06-06 07:37:00,1.97 K,1.33 K,1.23 K
2024-06-06 07:38:00,1.83 K,1.29 K,1.22 K
2024-06-06 07:39:00,1.48 K,712,666
2024-06-06 07:40:00,1.37 K,674,637
2024-06-06 07:41:00,1.35 K,662,608
2024-06-06 07:42:00,892,0.247,0.0149
2024-06-06 07:43:00,892,0.252,0.0183
2024-06-06 07:44:00,891,0.214,0.0106
2024-06-06 07:45:00,898,0.262,0.00915
2024-06-06 07:46:00,894,0.286,0.00602
2024-06-06 07:47:00,890,0.259,0.00673
2024-06-06 07:48:00,898,0.240,0.0123
2024-06-06 07:49:00,1.97 K,1.34 K,1.26 K
2024-06-06 07:50:00,1.84 K,1.32 K,1.28 K
2024-06-06 07:51:00,1.42 K,690,643
2024-06-06 07:52:00,1.39 K,689,651
2024-06-06 07:53:00,1.39 K,703,658
2024-06-06 07:54:00,908,0.244,0.0138
2024-06-06 07:55:00,897,0.253,0.0102
2024-06-06 07:56:00,901,0.259,0.000469
2024-06-06 07:57:00,899,0.252,0.0127
2024-06-06 07:58:00,892,0.364,-0.235
2024-06-06 07:59:00,890,0.371,-0.222
2024-06-06 08:00:00,888,0.359,-0.220
2024-06-06 08:01:00,1.97 K,1.36 K,1.30 K
2024-06-06 08:02:00,1.97 K,1.33 K,1.25 K
2024-06-06 08:03:00,1.39 K,686,646
2024-06-06 08:04:00,1.47 K,720,646
2024-06-06 08:05:00,1.47 K,721,663
2024-06-06 08:06:00,894,0.331,-0.227
2024-06-06 08:07:00,898,0.336,-0.218
2024-06-06 08:08:00,896,0.329,-0.220
2024-06-06 08:09:00,1.34 K,716,711
2024-06-06 08:10:00,1.77 K,1.36 K,1.35 K
2024-06-06 08:11:00,1.76 K,1.37 K,1.35 K
2024-06-06 08:12:00,1.76 K,1.36 K,1.35 K
2024-06-06 08:13:00,1.77 K,1.35 K,1.32 K
2024-06-06 08:14:00,1.76 K,1.37 K,1.35 K
2024-06-06 08:15:00,1.74 K,1.37 K,1.36 K
2024-06-06 08:16:00,1.73 K,1.35 K,1.34 K
2024-06-06 08:17:00,1.74 K,1.34 K,1.33 K
2024-06-06 08:18:00,1.74 K,1.34 K,1.32 K
2024-06-06 08:19:00,1.73 K,1.36 K,1.34 K
2024-06-06 08:20:00,1.71 K,1.35 K,1.31 K
2024-06-06 08:21:00,1.73 K,1.35 K,1.32 K
2024-06-06 08:22:00,1.74 K,1.36 K,1.33 K
2024-06-06 08:23:00,1.75 K,1.36 K,1.33 K
2024-06-06 08:24:00,1.12 K,683,671
2024-06-06 08:25:00,1.13 K,687,676
2024-06-06 08:26:00,1.13 K,686,675
2024-06-06 08:27:00,1.35 K,1.07 K,991
2024-06-06 08:28:00,1.38 K,984,946
2024-06-06 08:29:00,1.44 K,817,774
2024-06-06 08:30:00,2.24 K,1.73 K,1.62 K
2024-06-06 08:31:00,2.15 K,1.62 K,1.50 K
2024-06-06 08:32:00,2.19 K,1.46 K,1.40 K
2024-06-06 08:33:00,2.14 K,1.45 K,1.37 K
2024-06-06 08:34:00,2.13 K,1.41 K,1.32 K
2024-06-06 08:35:00,2.12 K,1.41 K,1.27 K
2024-06-06 08:36:00,2.03 K,1.35 K,1.24 K
2024-06-06 08:37:00,2.06 K,1.29 K,1.20 K
2024-06-06 08:38:00,1.94 K,1.28 K,1.17 K
2024-06-06 08:39:00,2.11 K,1.37 K,1.22 K
2024-06-06 08:40:00,2.00 K,1.25 K,1.17 K
2024-06-06 08:41:00,1.95 K,1.27 K,1.15 K
2024-06-06 08:42:00,1.36 K,644,571
2024-06-06 08:43:00,1.45 K,701,588
2024-06-06 08:44:00,1.45 K,679,601
2024-06-06 08:45:00,1.44 K,3.64 K,3.34 K
2024-06-06 08:46:00,1.45 K,3.62 K,3.06 K
2024-06-06 08:47:00,1.48 K,3.72 K,3.07 K
2024-06-06 08:48:00,1.47 K,3.71 K,3.11 K
2024-06-06 08:49:00,1.47 K,3.72 K,3.11 K
2024-06-06 08:50:00,1.48 K,3.68 K,3.10 K
2024-06-06 08:51:00,1.39 K,3.67 K,3.08 K
2024-06-06 08:52:00,1.33 K,3.54 K,3.00 K
2024-06-06 08:53:00,757,3.00 K,2.56 K
2024-06-06 08:54:00,756,3.01 K,2.56 K
2024-06-06 08:55:00,1.35 K,3.68 K,3.15 K
2024-06-06 08:56:00,1.50 K,3.67 K,3.09 K
2024-06-06 08:57:00,828,3.00 K,2.56 K
2024-06-06 08:58:00,1.24 K,3.66 K,3.09 K
2024-06-06 08:59:00,1.23 K,3.62 K,3.09 K
2024-06-06 09:00:00,1.31 K,3.41 K,3.08 K
2024-06-06 09:01:00,1.27 K,1.19 K,3.06 K
2024-06-06 09:02:00,1.24 K,3.42 K,3.04 K
2024-06-06 09:03:00,1.33 K,2.14 K,3.03 K
2024-06-06 09:04:00,1.36 K,1.82 K,3.41 K
2024-06-06 09:05:00,1.21 K,1.86 K,3.35 K
2024-06-06 09:06:00,1.33 K,1.76 K,3.06 K
2024-06-06 09:07:00,1.36 K,1.69 K,3.07 K
2024-06-06 09:08:00,1.29 K,1.64 K,3.05 K
2024-06-06 09:09:00,1.32 K,1.61 K,3.11 K
2024-06-06 09:10:00,1.36 K,1.49 K,3.18 K
2024-06-06 09:11:00,1.34 K,1.53 K,3.21 K
2024-06-06 09:12:00,1.25 K,1.42 K,2.07 K
2024-06-06 09:13:00,1.29 K,1.54 K,2.56 K
2024-06-06 09:14:00,1.29 K,1.54 K,2.78 K
2024-06-06 09:15:00,1.39 K,1.39 K,1.85 K
2024-06-06 09:16:00,768,814,784
2024-06-06 09:17:00,777,837,1.53 K
2024-06-06 09:18:00,770,748,1.13 K
2024-06-06 09:19:00,751,686,1.86 K
2024-06-06 09:20:00,768,823,1.02 K
2024-06-06 09:21:00,771,763,782
2024-06-06 09:22:00,762,678,397
2024-06-06 09:23:00,1.34 K,1.39 K,1.37 K
2024-06-06 09:24:00,1.33 K,1.51 K,2.08 K
2024-06-06 09:25:00,1.40 K,1.50 K,1.41 K
2024-06-06 09:26:00,1.27 K,1.36 K,1.69 K
2024-06-06 09:27:00,1.38 K,1.50 K,1.74 K
2024-06-06 09:28:00,1.38 K,1.44 K,1.24 K
2024-06-06 09:29:00,1.38 K,1.33 K,1.36 K
2024-06-06 09:30:00,1.35 K,1.37 K,1.36 K
2024-06-06 09:31:00,1.35 K,1.36 K,1.74 K
2024-06-06 09:32:00,551,814,1.13 K
2024-06-06 09:33:00,541,685,2.20 K
2024-06-06 09:34:00,543,743,759
2024-06-06 09:35:00,534,694,760
2024-06-06 09:36:00,546,596,1.14 K
2024-06-06 09:37:00,964,620,1.51 K
2024-06-06 09:38:00,543,619,23.9
2024-06-06 09:39:00,545,677,1.31 K
2024-06-06 09:40:00,539,712,23.5
2024-06-06 09:41:00,550,643,394
2024-06-06 09:42:00,540,703,67.0
2024-06-06 09:43:00,550,643,1.07 K
2024-06-06 09:44:00,545,700,1.86 K
2024-06-06 09:45:00,545,734,754
2024-06-06 09:46:00,549,718,759
2024-06-06 09:47:00,549,713,459
2024-06-06 09:48:00,549,657,146
2024-06-06 09:49:00,542,643,721
2024-06-06 09:50:00,548,666,403
2024-06-06 09:51:00,547,670,765
2024-06-06 09:52:00,547,691,1.52 K
2024-06-06 09:53:00,552,620,758
2024-06-06 09:54:00,538,655,768
2024-06-06 09:55:00,547,690,756
2024-06-06 09:56:00,547,693,1.46 K
2024-06-06 09:57:00,543,698,1.52 K
2024-06-06 09:58:00,549,724,2.51 K
2024-06-06 09:59:00,543,878,1.11 K
2024-06-06 10:00:00,541,806,1.86 K
2024-06-06 10:01:00,523,970,1.83 K
2024-06-06 10:02:00,518,973,847
2024-06-06 10:03:00,523,978,940
2024-06-06 10:04:00,523,912,900
2024-06-06 10:05:00,523,858,1.08 K
2024-06-06 10:06:00,529,987,728
2024-06-06 10:07:00,949,963,24.1
2024-06-06 10:08:00,2.03 K,2.37 K,2.03 K
2024-06-06 10:09:00,2.28 K,2.64 K,1.85 K
2024-06-06 10:10:00,2.38 K,2.55 K,3.06 K
2024-06-06 10:11:00,2.25 K,2.52 K,2.36 K
2024-06-06 10:12:00,2.27 K,2.35 K,1.54 K
2024-06-06 10:13:00,2.26 K,2.45 K,2.37 K
2024-06-06 10:14:00,2.29 K,2.57 K,1.94 K
2024-06-06 10:15:00,2.24 K,2.45 K,1.87 K
2024-06-06 10:16:00,1.51 K,1.66 K,1.33 K
2024-06-06 10:17:00,1.61 K,1.81 K,1.71 K
2024-06-06 10:18:00,1.59 K,1.72 K,1.68 K
2024-06-06 10:19:00,1.58 K,1.86 K,2.75 K
2024-06-06 10:20:00,1.51 K,1.80 K,2.71 K
2024-06-06 10:21:00,1.59 K,1.78 K,1.69 K
2024-06-06 10:22:00,1.55 K,1.71 K,2.01 K
2024-06-06 10:23:00,1.60 K,1.76 K,2.04 K
2024-06-06 10:24:00,1.48 K,1.80 K,1.70 K
2024-06-06 10:25:00,1.58 K,1.79 K,1.64 K
2024-06-06 10:26:00,1.60 K,1.84 K,2.06 K
2024-06-06 10:27:00,1.59 K,1.78 K,2.27 K
2024-06-06 10:28:00,1.65 K,1.78 K,2.43 K
2024-06-06 10:29:00,1.58 K,1.77 K,2.39 K
2024-06-06 10:30:00,1.59 K,1.75 K,3.11 K
2024-06-06 10:31:00,1.58 K,1.74 K,2.66 K
2024-06-06 10:32:00,1.49 K,1.82 K,1.50 K
2024-06-06 10:33:00,1.51 K,1.70 K,1.03 K
2024-06-06 10:34:00,546,1.25 K,766
2024-06-06 10:35:00,555,1.10 K,1.48 K
2024-06-06 10:36:00,547,1.07 K,1.14 K
2024-06-06 10:37:00,555,1.17 K,756
2024-06-06 10:38:00,542,1.08 K,1.49 K
2024-06-06 10:39:00,564,1.12 K,976
2024-06-06 10:40:00,556,1.01 K,580
2024-06-06 10:41:00,549,1.03 K,1.83 K
2024-06-06 10:42:00,543,948,398
2024-06-06 10:43:00,542,1.07 K,1.31 K
2024-06-06 10:44:00,546,964,2.22 K
2024-06-06 10:45:00,546,1.05 K,1.45 K
2024-06-06 10:46:00,548,1.09 K,2.04 K
2024-06-06 10:47:00,549,1.12 K,1.50 K
2024-06-06 10:48:00,891,1.25 K,1.72 K
2024-06-06 10:49:00,543,1.09 K,1.49 K
2024-06-06 10:50:00,551,948,1.50 K
2024-06-06 10:51:00,549,829,728
2024-06-06 10:52:00,548,904,394
2024-06-06 10:53:00,539,1.03 K,782
2024-06-06 10:54:00,547,1.05 K,756
2024-06-06 10:55:00,544,951,23.8
2024-06-06 10:56:00,550,966,1.14 K
2024-06-06 10:57:00,548,1.05 K,397
2024-06-06 10:58:00,553,999,390
2024-06-06 10:59:00,552,1.09 K,781
2024-06-06 11:00:00,549,954,770
2024-06-06 11:01:00,546,903,742
2024-06-06 11:02:00,546,933,774
2024-06-06 11:03:00,546,951,756
2024-06-06 11:04:00,553,915,2.02 K
2024-06-06 11:05:00,551,885,1.85 K
2024-06-06 11:06:00,555,1.07 K,1.11 K
2024-06-06 11:07:00,543,1.05 K,2.28 K
2024-06-06 11:08:00,538,989,2.17 K
2024-06-06 11:09:00,545,989,1.76 K
2024-06-06 11:10:00,540,956,1.44 K
2024-06-06 11:11:00,537,903,1.77 K
2024-06-06 11:12:00,549,903,1.32 K
2024-06-06 11:13:00,542,953,1.10 K
2024-06-06 11:14:00,547,1.05 K,1.11 K
2024-06-06 11:15:00,548,959,750
2024-06-06 11:16:00,989,1.01 K,1.07 K
2024-06-06 11:17:00,2.55 K,2.57 K,2.10 K
2024-06-06 11:18:00,2.46 K,2.58 K,3.06 K
2024-06-06 11:19:00,2.55 K,2.65 K,2.08 K
2024-06-06 11:20:00,2.38 K,2.45 K,1.32 K
2024-06-06 11:21:00,2.40 K,3.06 K,2.80 K
2024-06-06 11:22:00,2.34 K,2.72 K,2.02 K
2024-06-06 11:23:00,2.36 K,2.34 K,1.66 K
2024-06-06 11:24:00,2.34 K,2.55 K,1.66 K
2024-06-06 11:25:00,2.37 K,2.76 K,1.96 K
2024-06-06 11:26:00,2.34 K,2.41 K,2.00 K
2024-06-06 11:27:00,2.34 K,3.18 K,2.32 K
2024-06-06 11:28:00,2.27 K,2.79 K,3.04 K
2024-06-06 11:29:00,2.31 K,2.42 K,2.36 K
2024-06-06 11:30:00,2.23 K,2.57 K,1.55 K
2024-06-06 11:31:00,2.29 K,2.46 K,1.58 K
2024-06-06 11:32:00,1.59 K,1.78 K,1.56 K
2024-06-06 11:33:00,1.60 K,1.74 K,935
2024-06-06 11:34:00,1.63 K,1.80 K,979
2024-06-06 11:35:00,1.63 K,1.78 K,1.30 K
2024-06-06 11:36:00,1.60 K,1.63 K,2.01 K
2024-06-06 11:37:00,1.61 K,1.65 K,1.69 K
2024-06-06 11:38:00,1.63 K,1.64 K,1.41 K
2024-06-06 11:39:00,1.61 K,1.79 K,1.34 K
2024-06-06 11:40:00,1.63 K,1.70 K,1.59 K
2024-06-06 11:41:00,1.62 K,1.71 K,1.32 K
2024-06-06 11:42:00,1.61 K,1.64 K,1.59 K
2024-06-06 11:43:00,1.62 K,1.64 K,2.73 K
2024-06-06 11:44:00,1.61 K,1.74 K,1.68 K
2024-06-06 11:45:00,1.60 K,1.65 K,1.32 K
2024-06-06 11:46:00,1.58 K,1.76 K,956
2024-06-06 11:47:00,1.60 K,1.70 K,2.07 K
2024-06-06 11:48:00,539,1.03 K,2.14 K
2024-06-06 11:49:00,753,1.01 K,1.43 K
2024-06-06 11:50:00,752,1.09 K,1.28 K
2024-06-06 11:51:00,741,993,385
2024-06-06 11:52:00,1.38 K,1.70 K,1.31 K
2024-06-06 11:53:00,1.35 K,1.71 K,1.31 K
2024-06-06 11:54:00,1.42 K,1.82 K,2.03 K
2024-06-06 11:55:00,1.41 K,1.68 K,1.66 K
2024-06-06 11:56:00,1.40 K,1.67 K,972
2024-06-06 11:57:00,1.37 K,1.89 K,2.01 K
2024-06-06 11:58:00,1.43 K,1.85 K,2.35 K
2024-06-06 11:59:00,1.43 K,1.71 K,594
2024-06-06 12:00:00,1.41 K,1.58 K,1.64 K
2024-06-06 12:01:00,1.43 K,1.61 K,941
2024-06-06 12:02:00,1.42 K,1.87 K,1.30 K
2024-06-06 12:03:00,1.42 K,1.69 K,1.64 K
2024-06-06 12:04:00,1.41 K,1.75 K,1.26 K
2024-06-06 12:05:00,1.43 K,1.73 K,2.02 K
2024-06-06 12:06:00,1.42 K,1.71 K,1.34 K
2024-06-06 12:07:00,1.40 K,1.68 K,1.34 K
2024-06-06 12:08:00,756,1.00 K,1.12 K
2024-06-06 12:09:00,747,819,378
2024-06-06 12:10:00,1.81 K,2.24 K,1.38 K
2024-06-06 12:11:00,1.82 K,2.47 K,2.01 K
2024-06-06 12:12:00,1.76 K,2.44 K,2.61 K
2024-06-06 12:13:00,1.82 K,2.46 K,2.33 K
2024-06-06 12:14:00,1.84 K,2.25 K,1.27 K
2024-06-06 12:15:00,1.80 K,2.36 K,2.61 K
2024-06-06 12:16:00,1.83 K,2.49 K,2.65 K
2024-06-06 12:17:00,1.81 K,2.41 K,1.98 K
2024-06-06 12:18:00,1.80 K,2.30 K,2.31 K
2024-06-06 12:19:00,1.83 K,2.48 K,1.95 K
2024-06-06 12:20:00,1.80 K,2.44 K,1.95 K
2024-06-06 12:21:00,1.81 K,2.38 K,2.33 K
2024-06-06 12:22:00,1.78 K,2.44 K,2.33 K
2024-06-06 12:23:00,1.82 K,2.38 K,1.60 K
2024-06-06 12:24:00,1.77 K,2.47 K,2.70 K
2024-06-06 12:25:00,1.83 K,2.39 K,2.01 K
2024-06-06 12:26:00,1.82 K,2.56 K,2.39 K
2024-06-06 12:27:00,1.80 K,2.32 K,2.73 K
2024-06-06 12:28:00,1.17 K,1.77 K,2.76 K
2024-06-06 12:29:00,1.19 K,1.76 K,2.40 K
2024-06-06 12:30:00,521,1.13 K,1.42 K
2024-06-06 12:31:00,528,1.27 K,759
2024-06-06 12:32:00,530,986,1.41 K
2024-06-06 12:33:00,1.60 K,2.24 K,1.64 K
2024-06-06 12:34:00,1.46 K,2.02 K,1.57 K
2024-06-06 12:35:00,1.54 K,1.98 K,1.82 K
2024-06-06 12:36:00,1.51 K,1.83 K,2.14 K
2024-06-06 12:37:00,1.49 K,1.96 K,2.85 K
2024-06-06 12:38:00,1.51 K,1.98 K,2.78 K
2024-06-06 12:39:00,1.47 K,2.06 K,1.39 K
2024-06-06 12:40:00,1.46 K,2.01 K,1.40 K
2024-06-06 12:41:00,1.44 K,2.06 K,1.74 K
2024-06-06 12:42:00,1.46 K,1.91 K,1.69 K
2024-06-06 12:43:00,1.40 K,1.85 K,1.25 K
2024-06-06 12:44:00,1.43 K,1.84 K,2.63 K
2024-06-06 12:45:00,1.44 K,2.05 K,1.31 K
2024-06-06 12:46:00,1.39 K,1.94 K,2.03 K
2024-06-06 12:47:00,1.40 K,2.01 K,2.68 K
2024-06-06 12:48:00,1.40 K,1.98 K,1.60 K
2024-06-06 12:49:00,1.42 K,1.99 K,1.97 K
2024-06-06 12:50:00,1.40 K,2.18 K,1.79 K
2024-06-06 12:51:00,1.37 K,2.01 K,1.87 K
2024-06-06 12:52:00,1.42 K,2.02 K,2.00 K
2024-06-06 12:53:00,1.41 K,1.91 K,1.66 K
2024-06-06 12:54:00,1.45 K,1.87 K,2.02 K
2024-06-06 12:55:00,1.40 K,1.90 K,1.64 K
2024-06-06 12:56:00,1.41 K,1.86 K,1.30 K
2024-06-06 12:57:00,1.42 K,1.95 K,1.82 K
2024-06-06 12:58:00,1.39 K,1.82 K,1.31 K
2024-06-06 12:59:00,1.37 K,1.97 K,1.33 K
2024-06-06 13:00:00,1.41 K,1.81 K,1.66 K
2024-06-06 13:01:00,1.41 K,1.73 K,2.28 K
2024-06-06 13:02:00,1.36 K,1.83 K,2.13 K
2024-06-06 13:03:00,1.41 K,1.94 K,2.33 K
2024-06-06 13:04:00,1.43 K,1.98 K,2.38 K
2024-06-06 13:05:00,1.39 K,1.93 K,1.91 K
2024-06-06 13:06:00,1.39 K,1.68 K,1.66 K
2024-06-06 13:07:00,1.42 K,1.82 K,1.32 K
2024-06-06 13:08:00,1.39 K,1.86 K,2.04 K
2024-06-06 13:09:00,1.39 K,1.86 K,2.04 K
2024-06-06 13:10:00,1.40 K,1.73 K,2.37 K
2024-06-06 13:11:00,532,1.07 K,2.53 K
2024-06-06 13:12:00,964,1.00 K,1.48 K
2024-06-06 13:13:00,2.33 K,2.52 K,2.35 K
2024-06-06 13:14:00,2.30 K,2.35 K,2.67 K
2024-06-06 13:15:00,2.40 K,2.53 K,3.61 K
2024-06-06 13:16:00,2.41 K,2.59 K,3.27 K
2024-06-06 13:17:00,2.45 K,2.52 K,2.92 K
2024-06-06 13:18:00,2.33 K,2.48 K,2.56 K
2024-06-06 13:19:00,1.64 K,1.76 K,1.60 K
2024-06-06 13:20:00,1.63 K,1.79 K,2.21 K
2024-06-06 13:21:00,1.64 K,1.78 K,2.71 K
2024-06-06 13:22:00,1.63 K,1.89 K,1.65 K
2024-06-06 13:23:00,1.67 K,1.77 K,935
2024-06-06 13:24:00,752,1.04 K,1.73 K
2024-06-06 13:25:00,542,981,1.12 K
2024-06-06 13:26:00,969,949,736
2024-06-06 13:27:00,1.57 K,1.74 K,2.72 K
2024-06-06 13:28:00,2.36 K,2.54 K,2.04 K
2024-06-06 13:29:00,2.44 K,2.64 K,1.53 K
2024-06-06 13:30:00,1.67 K,1.82 K,1.07 K
2024-06-06 13:31:00,949,939,749
2024-06-06 13:32:00,962,1.02 K,736
2024-06-06 13:33:00,967,1.09 K,384
2024-06-06 13:34:00,949,1.15 K,390
2024-06-06 13:35:00,941,1.02 K,1.78 K
2024-06-06 13:36:00,2.24 K,2.31 K,1.70 K
2024-06-06 13:37:00,2.34 K,2.45 K,1.38 K
2024-06-06 13:38:00,2.42 K,2.45 K,2.75 K
2024-06-06 13:39:00,1.66 K,1.73 K,2.41 K
2024-06-06 13:40:00,956,845,2.13 K
2024-06-06 13:41:00,950,764,388
2024-06-06 13:42:00,938,1.03 K,760
2024-06-06 13:43:00,955,1.15 K,1.80 K
2024-06-06 13:44:00,1.58 K,1.72 K,1.31 K
2024-06-06 13:45:00,2.41 K,2.41 K,2.13 K
2024-06-06 13:46:00,2.43 K,2.50 K,3.40 K
2024-06-06 13:47:00,1.68 K,1.75 K,1.75 K
2024-06-06 13:48:00,955,1.05 K,2.13 K
2024-06-06 13:49:00,956,1.05 K,1.51 K
2024-06-06 13:50:00,934,1.01 K,1.44 K
2024-06-06 13:51:00,926,957,2.45 K
2024-06-06 13:52:00,929,1.05 K,2.16 K
2024-06-06 13:53:00,2.32 K,2.57 K,2.57 K
2024-06-06 13:54:00,2.41 K,2.64 K,3.18 K
2024-06-06 13:55:00,2.41 K,2.62 K,2.61 K
2024-06-06 13:56:00,1.70 K,1.79 K,1.66 K
2024-06-06 13:57:00,945,1.16 K,752
2024-06-06 13:58:00,945,1.01 K,1.73 K
2024-06-06 13:59:00,917,1.06 K,1.08 K
2024-06-06 14:00:00,947,1.13 K,365
2024-06-06 14:01:00,941,1.09 K,1.08 K
2024-06-06 14:02:00,2.25 K,2.43 K,1.16 K
2024-06-06 14:03:00,2.51 K,2.61 K,2.70 K
2024-06-06 14:04:00,1.66 K,1.82 K,1.35 K
2024-06-06 14:05:00,1.66 K,1.78 K,1.32 K
2024-06-06 14:06:00,934,1000,1.02 K
2024-06-06 14:07:00,913,1.03 K,1.67 K
2024-06-06 14:08:00,908,1.13 K,1.71 K
2024-06-06 14:09:00,940,1.03 K,1.06 K
2024-06-06 14:10:00,925,827,1.37 K
2024-06-06 14:11:00,2.21 K,2.32 K,2.15 K
2024-06-06 14:12:00,2.49 K,2.78 K,2.82 K
2024-06-06 14:13:00,1.68 K,1.76 K,1.68 K
2024-06-06 14:14:00,940,956,749
2024-06-06 14:15:00,946,942,1.09 K
2024-06-06 14:16:00,931,916,726
2024-06-06 14:17:00,929,989,732
2024-06-06 14:18:00,939,879,1.07 K
2024-06-06 14:19:00,1.60 K,1.66 K,1.34 K
2024-06-06 14:20:00,2.29 K,2.55 K,1.52 K
2024-06-06 14:21:00,2.45 K,2.75 K,2.41 K
2024-06-06 14:22:00,1.63 K,1.71 K,1.54 K
2024-06-06 14:23:00,945,1.03 K,371
2024-06-06 14:24:00,927,1.07 K,1.06 K
2024-06-06 14:25:00,947,1.08 K,1.51 K
2024-06-06 14:26:00,936,904,371
2024-06-06 14:27:00,934,1.09 K,1.04 K
2024-06-06 14:28:00,1.58 K,1.76 K,1.03 K
2024-06-06 14:29:00,2.35 K,2.64 K,2.03 K
2024-06-06 14:30:00,2.45 K,2.60 K,2.40 K
2024-06-06 14:31:00,1.61 K,1.76 K,2.38 K
2024-06-06 14:32:00,931,1.13 K,1.25 K
2024-06-06 14:33:00,943,1.04 K,1.76 K
2024-06-06 14:34:00,942,1.07 K,1.08 K
2024-06-06 14:35:00,930,990,1.75 K
2024-06-06 14:36:00,941,1.06 K,1.47 K
2024-06-06 14:37:00,2.21 K,2.46 K,2.25 K
2024-06-06 14:38:00,2.42 K,2.69 K,2.90 K
2024-06-06 14:39:00,1.70 K,1.77 K,1.70 K
2024-06-06 14:40:00,534,1.05 K,2.50 K
2024-06-06 14:41:00,541,1.05 K,1.76 K
2024-06-06 14:42:00,543,1.16 K,1.46 K
2024-06-06 14:43:00,519,1.05 K,2.11 K
2024-06-06 14:44:00,531,1.11 K,1.71 K
2024-06-06 14:45:00,725,1.02 K,726
2024-06-06 14:46:00,740,1.03 K,1.09 K
2024-06-06 14:47:00,1.36 K,1.68 K,2.31 K
2024-06-06 14:48:00,1.51 K,1.97 K,1.78 K
2024-06-06 14:49:00,1.44 K,1.93 K,1.34 K
2024-06-06 14:50:00,1.46 K,1.92 K,2.41 K
2024-06-06 14:51:00,1.44 K,1.76 K,1.51 K
2024-06-06 14:52:00,1.46 K,1.72 K,2.28 K
2024-06-06 14:53:00,1.45 K,1.83 K,2.05 K
2024-06-06 14:54:00,1.36 K,1.72 K,1.39 K
2024-06-06 14:55:00,1.42 K,1.96 K,1.79 K
2024-06-06 14:56:00,1.41 K,1.89 K,2.47 K
2024-06-06 14:57:00,745,940,1.39 K
2024-06-06 14:58:00,735,1.14 K,1.69 K
2024-06-06 14:59:00,761,1.16 K,1.09 K
2024-06-06 15:00:00,753,1.16 K,728
2024-06-06 15:01:00,743,940,1.07 K
2024-06-06 15:02:00,750,1.07 K,492
2024-06-06 15:03:00,1.40 K,1.93 K,1.66 K
2024-06-06 15:04:00,1.42 K,1.92 K,1.70 K
2024-06-06 15:05:00,1.44 K,1.85 K,2.13 K
2024-06-06 15:06:00,1.50 K,1.80 K,2.43 K
2024-06-06 15:07:00,1.48 K,1.68 K,1.76 K
2024-06-06 15:08:00,1.38 K,1.67 K,1.72 K
2024-06-06 15:09:00,1.44 K,1.79 K,2.61 K
2024-06-06 15:10:00,1.38 K,1.74 K,1.18 K
2024-06-06 15:11:00,735,1.01 K,1.08 K
2024-06-06 15:12:00,733,948,1.41 K
2024-06-06 15:13:00,717,952,886
2024-06-06 15:14:00,734,835,377
2024-06-06 15:15:00,741,940,733
2024-06-06 15:16:00,723,950,1.06 K
2024-06-06 15:17:00,1.37 K,1.75 K,1.32 K
2024-06-06 15:18:00,1.47 K,1.73 K,1.21 K
2024-06-06 15:19:00,1.45 K,1.85 K,2.01 K
2024-06-06 15:20:00,1.42 K,1.72 K,1.00 K
2024-06-06 15:21:00,1.44 K,1.70 K,1.31 K
2024-06-06 15:22:00,1.41 K,1.66 K,2.02 K
2024-06-06 15:23:00,1.44 K,1.91 K,2.35 K
2024-06-06 15:24:00,746,976,717
2024-06-06 15:25:00,736,820,375
2024-06-06 15:26:00,726,944,1.67 K
2024-06-06 15:27:00,719,1.07 K,1.11 K
2024-06-06 15:28:00,747,1.05 K,375
2024-06-06 15:29:00,757,1.00 K,1.83 K
2024-06-06 15:30:00,1.43 K,1.53 K,1.70 K
2024-06-06 15:31:00,1.44 K,1.72 K,2.09 K
2024-06-06 15:32:00,1.45 K,1.95 K,2.49 K
2024-06-06 15:33:00,1.48 K,1.75 K,2.09 K
2024-06-06 15:34:00,1.47 K,1.76 K,1.71 K
2024-06-06 15:35:00,1.41 K,1.80 K,1.46 K
2024-06-06 15:36:00,1.50 K,1.77 K,2.23 K
2024-06-06 15:37:00,1.44 K,1.71 K,1.01 K
2024-06-06 15:38:00,736,1.01 K,737
2024-06-06 15:39:00,744,988,1.00 K
2024-06-06 15:40:00,741,937,23.7
2024-06-06 15:41:00,742,1.09 K,99.0
2024-06-06 15:42:00,750,1.07 K,2.01 K
2024-06-06 15:43:00,736,954,1.07 K
2024-06-06 15:44:00,1.41 K,1.75 K,1.32 K
2024-06-06 15:45:00,1.52 K,1.87 K,1.07 K
2024-06-06 15:46:00,1.49 K,1.87 K,1.34 K
2024-06-06 15:47:00,1.45 K,1.80 K,2.04 K
2024-06-06 15:48:00,1.48 K,1.90 K,2.12 K
2024-06-06 15:49:00,1.45 K,1.77 K,1.67 K
2024-06-06 15:50:00,1.42 K,1.69 K,1.35 K
2024-06-06 15:51:00,765,952,1.23 K
2024-06-06 15:52:00,762,1.01 K,1.44 K
2024-06-06 15:53:00,766,1.06 K,386
2024-06-06 15:54:00,740,1.10 K,745
2024-06-06 15:55:00,743,1.07 K,766
2024-06-06 15:56:00,738,1.06 K,385
2024-06-06 15:57:00,743,994,1.10 K
2024-06-06 15:58:00,1.42 K,1.78 K,2.06 K
2024-06-06 15:59:00,1.51 K,2.07 K,2.17 K
2024-06-06 16:00:00,1.49 K,1.99 K,1.77 K
2024-06-06 16:01:00,1.48 K,1.79 K,2.05 K
2024-06-06 16:02:00,1.45 K,1.81 K,1.83 K
2024-06-06 16:03:00,1.49 K,1.91 K,1.37 K
2024-06-06 16:04:00,1.44 K,1.80 K,1.52 K
2024-06-06 16:05:00,733,1.12 K,1.41 K
2024-06-06 16:06:00,745,1.08 K,1.08 K
2024-06-06 16:07:00,532,1.04 K,735
2024-06-06 16:08:00,527,1.03 K,727
2024-06-06 16:09:00,719,1.07 K,833
2024-06-06 16:10:00,1.38 K,1.78 K,1.83 K
2024-06-06 16:11:00,1.76 K,2.38 K,3.55 K
2024-06-06 16:12:00,1.77 K,2.30 K,3.29 K
2024-06-06 16:13:00,1.77 K,2.55 K,2.32 K
2024-06-06 16:14:00,1.78 K,2.24 K,2.81 K
2024-06-06 16:15:00,1.80 K,2.21 K,2.53 K
2024-06-06 16:16:00,1.83 K,2.40 K,2.65 K
2024-06-06 16:17:00,1.84 K,2.53 K,2.32 K
2024-06-06 16:18:00,1.83 K,2.54 K,2.71 K
2024-06-06 16:19:00,1.81 K,2.53 K,1.62 K
2024-06-06 16:20:00,1.75 K,2.31 K,1.77 K
2024-06-06 16:21:00,1.78 K,2.36 K,2.60 K
2024-06-06 16:22:00,1.82 K,2.27 K,1.58 K
2024-06-06 16:23:00,1.79 K,2.30 K,1.63 K
2024-06-06 16:24:00,1.80 K,2.57 K,3.01 K
2024-06-06 16:25:00,1.80 K,2.46 K,1.98 K
2024-06-06 16:26:00,1.80 K,2.28 K,1.61 K
2024-06-06 16:27:00,1.13 K,1.73 K,1.38 K
2024-06-06 16:28:00,1.15 K,1.73 K,1.70 K
2024-06-06 16:29:00,1.17 K,1.68 K,1.86 K
2024-06-06 16:30:00,524,1.07 K,1.08 K
2024-06-06 16:31:00,527,992,725
2024-06-06 16:32:00,527,934,374
2024-06-06 16:33:00,1.67 K,2.36 K,1.38 K
2024-06-06 16:34:00,1.74 K,1.86 K,2.25 K
2024-06-06 16:35:00,1.61 K,2.00 K,2.56 K
2024-06-06 16:36:00,1.50 K,1.91 K,1.42 K
2024-06-06 16:37:00,1.50 K,1.88 K,2.13 K
2024-06-06 16:38:00,1.48 K,2.08 K,2.36 K
2024-06-06 16:39:00,1.48 K,2.00 K,1.72 K
2024-06-06 16:40:00,1.44 K,1.97 K,2.38 K
2024-06-06 16:41:00,1.46 K,1.87 K,3.02 K
2024-06-06 16:42:00,2.35 K,2.86 K,2.39 K
2024-06-06 16:43:00,2.53 K,2.84 K,2.17 K
2024-06-06 16:44:00,2.42 K,2.87 K,2.48 K
2024-06-06 16:45:00,2.46 K,2.69 K,1.73 K
2024-06-06 16:46:00,2.38 K,2.33 K,2.48 K
2024-06-06 16:47:00,2.45 K,2.47 K,2.50 K
2024-06-06 16:48:00,2.43 K,2.69 K,1.82 K
2024-06-06 16:49:00,2.43 K,2.75 K,2.43 K
2024-06-06 16:50:00,2.39 K,2.53 K,1.75 K
2024-06-06 16:51:00,2.32 K,2.66 K,1.95 K
2024-06-06 16:52:00,2.38 K,2.61 K,2.78 K
2024-06-06 16:53:00,2.35 K,2.41 K,2.74 K
2024-06-06 16:54:00,1.62 K,1.66 K,2.72 K
2024-06-06 16:55:00,1.61 K,1.79 K,1.87 K
2024-06-06 16:56:00,1.57 K,1.81 K,1.78 K
2024-06-06 16:57:00,1.56 K,1.56 K,2.10 K
2024-06-06 16:58:00,1.61 K,1.62 K,1.03 K
2024-06-06 16:59:00,1.62 K,1.74 K,2.11 K
2024-06-06 17:00:00,1.64 K,1.70 K,1.76 K
2024-06-06 17:01:00,1.59 K,1.49 K,1.05 K
2024-06-06 17:02:00,1.62 K,1.70 K,664
2024-06-06 17:03:00,1.62 K,1.66 K,1.02 K
2024-06-06 17:04:00,1.63 K,1.69 K,1.94 K
2024-06-06 17:05:00,963,1.00 K,23.8
2024-06-06 17:06:00,954,1.01 K,741
2024-06-06 17:07:00,956,810,1.47 K
2024-06-06 17:08:00,1.53 K,1.73 K,1.39 K
2024-06-06 17:09:00,2.24 K,2.60 K,2.94 K
2024-06-06 17:10:00,2.40 K,2.68 K,3.52 K
2024-06-06 17:11:00,1.70 K,1.78 K,2.46 K
2024-06-06 17:12:00,1.64 K,1.81 K,1.51 K
2024-06-06 17:13:00,942,948,1.58 K
2024-06-06 17:14:00,962,1.08 K,1.81 K
2024-06-06 17:15:00,965,971,684
2024-06-06 17:16:00,945,944,1.53 K
2024-06-06 17:17:00,1.58 K,1.72 K,2.02 K
2024-06-06 17:18:00,2.21 K,2.32 K,1.97 K
2024-06-06 17:19:00,2.38 K,2.48 K,2.78 K
2024-06-06 17:20:00,1.64 K,1.61 K,1.41 K
2024-06-06 17:21:00,966,1.06 K,1.65 K
2024-06-06 17:22:00,960,911,1.08 K
2024-06-06 17:23:00,969,1.02 K,735
2024-06-06 17:24:00,955,988,1.48 K
2024-06-06 17:25:00,982,963,2.04 K
2024-06-06 17:26:00,2.23 K,2.41 K,2.90 K
2024-06-06 17:27:00,2.40 K,2.70 K,2.21 K
2024-06-06 17:28:00,1.68 K,1.86 K,1.90 K
2024-06-06 17:29:00,1.64 K,1.99 K,2.75 K
2024-06-06 17:30:00,953,1.08 K,1.10 K
2024-06-06 17:31:00,949,916,1.07 K
2024-06-06 17:32:00,936,874,387
2024-06-06 17:33:00,950,920,1.08 K
2024-06-06 17:34:00,1.62 K,1.79 K,2.75 K
2024-06-06 17:35:00,2.19 K,2.42 K,2.10 K
2024-06-06 17:36:00,2.53 K,2.66 K,2.30 K
2024-06-06 17:37:00,1.63 K,1.69 K,2.49 K
2024-06-06 17:38:00,938,846,391
2024-06-06 17:39:00,941,873,561
2024-06-06 17:40:00,937,875,1.10 K
2024-06-06 17:41:00,925,928,2.08 K
2024-06-06 17:42:00,938,938,722
2024-06-06 17:43:00,2.14 K,2.39 K,2.70 K
2024-06-06 17:44:00,2.44 K,2.57 K,3.31 K
2024-06-06 17:45:00,2.39 K,2.38 K,2.54 K
2024-06-06 17:46:00,1.64 K,1.57 K,2.58 K
2024-06-06 17:47:00,943,850,1.44 K
2024-06-06 17:48:00,944,857,1.06 K
2024-06-06 17:49:00,909,958,1.07 K
2024-06-06 17:50:00,931,884,376
2024-06-06 17:51:00,940,845,1.08 K
2024-06-06 17:52:00,2.16 K,2.28 K,2.11 K
2024-06-06 17:53:00,2.55 K,2.77 K,2.94 K
2024-06-06 17:54:00,1.62 K,1.71 K,2.12 K
2024-06-06 17:55:00,944,908,684
2024-06-06 17:56:00,940,1.02 K,27.0
2024-06-06 17:57:00,942,990,391
2024-06-06 17:58:00,940,1.09 K,377
2024-06-06 17:59:00,937,965,712
2024-06-06 18:00:00,1.61 K,1.64 K,2.08 K
2024-06-06 18:01:00,2.21 K,2.25 K,1.34 K
2024-06-06 18:02:00,2.38 K,2.71 K,2.61 K
2024-06-06 18:03:00,1.61 K,1.82 K,727
2024-06-06 18:04:00,926,1.10 K,1.14 K
2024-06-06 18:05:00,925,913,559
2024-06-06 18:06:00,936,941,1.08 K
2024-06-06 18:07:00,941,965,1.78 K
2024-06-06 18:08:00,934,1.07 K,749
2024-06-06 18:09:00,2.14 K,2.28 K,2.25 K
2024-06-06 18:10:00,2.38 K,2.58 K,3.05 K
2024-06-06 18:11:00,1.63 K,1.87 K,2.43 K
2024-06-06 18:12:00,1.60 K,1.78 K,1.76 K
2024-06-06 18:13:00,951,854,2.20 K
2024-06-06 18:14:00,936,960,1.73 K
2024-06-06 18:15:00,942,964,740
2024-06-06 18:16:00,939,980,1.31 K
2024-06-06 18:17:00,933,960,841
2024-06-06 18:18:00,2.18 K,2.53 K,1.93 K
2024-06-06 18:19:00,2.50 K,2.72 K,2.29 K
2024-06-06 18:20:00,1.62 K,1.86 K,1.84 K
2024-06-06 18:21:00,935,929,730
2024-06-06 18:22:00,931,969,49.6
2024-06-06 18:23:00,941,957,1.15 K
2024-06-06 18:24:00,904,1.01 K,140
2024-06-06 18:25:00,935,951,1.41 K
2024-06-06 18:26:00,921,1.07 K,1.10 K
2024-06-06 18:27:00,2.17 K,2.43 K,1.62 K
2024-06-06 18:28:00,2.39 K,2.73 K,1.56 K
2024-06-06 18:29:00,1.67 K,1.80 K,1.46 K
2024-06-06 18:30:00,954,975,1.09 K
2024-06-06 18:31:00,940,1.05 K,721
2024-06-06 18:32:00,931,916,740
2024-06-06 18:33:00,935,1.00 K,1.07 K
2024-06-06 18:34:00,938,1.13 K,726
2024-06-06 18:35:00,1.33 K,1.72 K,2.36 K
2024-06-06 18:36:00,1.37 K,1.80 K,2.07 K
2024-06-06 18:37:00,1.46 K,1.74 K,1.48 K
2024-06-06 18:38:00,1.45 K,1.79 K,2.37 K
2024-06-06 18:39:00,1.42 K,1.73 K,2.23 K
2024-06-06 18:40:00,1.47 K,1.74 K,2.71 K
2024-06-06 18:41:00,1.63 K,1.66 K,2.19 K
2024-06-06 18:42:00,519,901,1.45 K
2024-06-06 18:43:00,515,924,738
2024-06-06 18:44:00,528,1.00 K,1.47 K
2024-06-06 18:45:00,518,1.14 K,776
2024-06-06 18:46:00,520,1.02 K,1.33 K
2024-06-06 18:47:00,527,941,2.18 K
2024-06-06 18:48:00,949,991,1.47 K
2024-06-06 18:49:00,2.20 K,2.37 K,2.06 K
2024-06-06 18:50:00,2.60 K,2.83 K,2.76 K
2024-06-06 18:51:00,2.41 K,2.60 K,2.25 K
2024-06-06 18:52:00,2.38 K,2.56 K,3.56 K
2024-06-06 18:53:00,2.32 K,2.64 K,3.25 K
2024-06-06 18:54:00,2.32 K,2.54 K,3.22 K
2024-06-06 18:55:00,1.62 K,1.79 K,2.46 K
2024-06-06 18:56:00,1.61 K,1.84 K,3.20 K
2024-06-06 18:57:00,1.61 K,1.72 K,2.15 K
2024-06-06 18:58:00,1.60 K,1.64 K,2.46 K
2024-06-06 18:59:00,1.61 K,1.67 K,2.05 K
2024-06-06 19:00:00,1.59 K,1.95 K,2.75 K
2024-06-06 19:01:00,1.59 K,1.89 K,2.45 K
2024-06-06 19:02:00,1.54 K,1.79 K,2.35 K
2024-06-06 19:03:00,1.57 K,1.75 K,1.41 K
2024-06-06 19:04:00,1.56 K,1.74 K,2.51 K
2024-06-06 19:05:00,1.56 K,1.71 K,2.46 K
2024-06-06 19:06:00,929,1.10 K,748
2024-06-06 19:07:00,950,934,1.37 K
2024-06-06 19:08:00,935,983,2.24 K
2024-06-06 19:09:00,950,986,1.44 K
2024-06-06 19:10:00,929,1.01 K,413
2024-06-06 19:11:00,2.15 K,2.32 K,2.02 K
2024-06-06 19:12:00,2.42 K,2.58 K,2.65 K
2024-06-06 19:13:00,1.60 K,1.56 K,1.79 K
2024-06-06 19:14:00,952,941,386
2024-06-06 19:15:00,945,957,1.10 K
2024-06-06 19:16:00,946,993,653
2024-06-06 19:17:00,955,1.02 K,763
2024-06-06 19:18:00,946,1.07 K,752
2024-06-06 19:19:00,2.10 K,2.35 K,2.66 K
2024-06-06 19:20:00,2.36 K,2.63 K,2.56 K
2024-06-06 19:21:00,2.33 K,2.58 K,2.73 K
2024-06-06 19:22:00,946,1.14 K,706
2024-06-06 19:23:00,947,1.06 K,760
2024-06-06 19:24:00,942,1.12 K,742
2024-06-06 19:25:00,946,1.09 K,1.11 K
2024-06-06 19:26:00,947,1.01 K,401
2024-06-06 19:27:00,937,1.01 K,1.04 K
2024-06-06 19:28:00,2.12 K,2.34 K,1.64 K
2024-06-06 19:29:00,2.38 K,2.70 K,2.32 K
2024-06-06 19:30:00,1.64 K,1.86 K,1.47 K
2024-06-06 19:31:00,943,1.11 K,476
2024-06-06 19:32:00,951,1.01 K,766
2024-06-06 19:33:00,946,1.04 K,385
2024-06-06 19:34:00,942,929,1.11 K
2024-06-06 19:35:00,938,977,2.47 K
2024-06-06 19:36:00,949,1.10 K,1.11 K
2024-06-06 19:37:00,2.11 K,2.34 K,2.70 K
2024-06-06 19:38:00,2.42 K,2.76 K,3.59 K
2024-06-06 19:39:00,1.61 K,1.80 K,1.74 K
2024-06-06 19:40:00,948,986,2.12 K
2024-06-06 19:41:00,951,982,1.24 K
2024-06-06 19:42:00,952,1.10 K,1.83 K
2024-06-06 19:43:00,948,1.14 K,1.33 K
2024-06-06 19:44:00,943,977,1000
2024-06-06 19:45:00,1.50 K,1.74 K,1.41 K
2024-06-06 19:46:00,2.13 K,2.42 K,2.51 K
2024-06-06 19:47:00,2.34 K,2.55 K,2.21 K
2024-06-06 19:48:00,1.60 K,1.73 K,2.17 K
2024-06-06 19:49:00,949,1.03 K,1.10 K
2024-06-06 19:50:00,926,1.01 K,740
2024-06-06 19:51:00,915,1.15 K,1.44 K
2024-06-06 19:52:00,935,1.06 K,389
2024-06-06 19:53:00,917,1.04 K,1.69 K
2024-06-06 19:54:00,2.04 K,2.58 K,2.95 K
2024-06-06 19:55:00,2.14 K,2.36 K,3.24 K
2024-06-06 19:56:00,2.31 K,2.61 K,3.17 K
2024-06-06 19:57:00,1.58 K,1.65 K,2.09 K
2024-06-06 19:58:00,947,1.12 K,1.43 K
2024-06-06 19:59:00,951,1.19 K,1.70 K
2024-06-06 20:00:00,952,1.06 K,1.01 K
2024-06-06 20:01:00,958,1.09 K,1.80 K
2024-06-06 20:02:00,951,1.14 K,1.70 K
2024-06-06 20:03:00,2.06 K,2.47 K,2.44 K
2024-06-06 20:04:00,2.24 K,2.53 K,2.49 K
2024-06-06 20:05:00,2.29 K,2.62 K,2.82 K
2024-06-06 20:06:00,937,1.04 K,743
2024-06-06 20:07:00,940,1.11 K,960
2024-06-06 20:08:00,945,1.08 K,967
2024-06-06 20:09:00,945,1.03 K,782
2024-06-06 20:10:00,932,860,753
2024-06-06 20:11:00,1.36 K,1.67 K,1.43 K
2024-06-06 20:12:00,1.75 K,2.22 K,1.99 K
2024-06-06 20:13:00,1.76 K,2.30 K,1.81 K
2024-06-06 20:14:00,1.76 K,2.37 K,2.40 K
2024-06-06 20:15:00,1.76 K,2.19 K,2.09 K
2024-06-06 20:16:00,1.74 K,2.15 K,1.31 K
2024-06-06 20:17:00,1.77 K,2.15 K,2.39 K
2024-06-06 20:18:00,1.77 K,2.37 K,1.31 K
2024-06-06 20:19:00,1.78 K,2.31 K,2.08 K
2024-06-06 20:20:00,1.80 K,2.16 K,2.44 K
2024-06-06 20:21:00,1.78 K,2.27 K,2.10 K
2024-06-06 20:22:00,1.82 K,2.42 K,2.10 K
2024-06-06 20:23:00,1.85 K,2.38 K,2.80 K
2024-06-06 20:24:00,1.82 K,2.43 K,2.81 K
2024-06-06 20:25:00,1.81 K,2.59 K,3.21 K
2024-06-06 20:26:00,1.81 K,2.41 K,3.71 K
2024-06-06 20:27:00,1.80 K,2.26 K,2.06 K
2024-06-06 20:28:00,1.82 K,2.27 K,2.43 K
2024-06-06 20:29:00,532,973,1.84 K
2024-06-06 20:30:00,539,1.10 K,2.17 K
2024-06-06 20:31:00,536,1.02 K,1.13 K
2024-06-06 20:32:00,2.49 K,3.02 K,3.47 K
2024-06-06 20:33:00,2.54 K,3.02 K,3.33 K
2024-06-06 20:34:00,2.51 K,2.90 K,3.49 K
2024-06-06 20:35:00,2.36 K,2.75 K,3.54 K
2024-06-06 20:36:00,2.36 K,2.66 K,2.67 K
2024-06-06 20:37:00,2.31 K,2.59 K,2.28 K
2024-06-06 20:38:00,2.59 K,2.62 K,2.82 K
2024-06-06 20:39:00,2.55 K,2.47 K,1.74 K
2024-06-06 20:40:00,2.55 K,2.62 K,2.43 K
2024-06-06 20:41:00,2.53 K,2.59 K,3.11 K
2024-06-06 20:42:00,2.51 K,2.57 K,2.69 K
2024-06-06 20:43:00,2.44 K,2.62 K,2.03 K
2024-06-06 20:44:00,2.54 K,2.68 K,3.34 K
2024-06-06 20:45:00,2.42 K,2.70 K,2.00 K
2024-06-06 20:46:00,2.52 K,2.68 K,2.27 K
2024-06-06 20:47:00,2.50 K,2.50 K,2.66 K
2024-06-06 20:48:00,1.92 K,1.87 K,1.96 K
2024-06-06 20:49:00,1.92 K,1.92 K,1.62 K
2024-06-06 20:50:00,1.85 K,1.82 K,1.82 K
2024-06-06 20:51:00,1.90 K,1.97 K,2.71 K
2024-06-06 20:52:00,1.88 K,1.88 K,1.31 K
2024-06-06 20:53:00,1.52 K,1.77 K,1.78 K
2024-06-06 20:54:00,948,1.01 K,844
2024-06-06 20:55:00,958,1.01 K,392
2024-06-06 20:56:00,950,919,723
2024-06-06 20:57:00,2.03 K,2.37 K,2.97 K
2024-06-06 20:58:00,2.09 K,2.40 K,2.22 K
2024-06-06 20:59:00,676,1.17 K,1.23 K
2024-06-06 21:00:00,946,1.30 K,1.84 K
2024-06-06 21:01:00,536,1.38 K,1.14 K
2024-06-06 21:02:00,930,1.02 K,710
2024-06-06 21:03:00,2.09 K,2.26 K,2.55 K
2024-06-06 21:04:00,2.22 K,2.61 K,2.33 K
2024-06-06 21:05:00,529,1.10 K,1.52 K
2024-06-06 21:06:00,522,1.02 K,1.51 K
2024-06-06 21:07:00,725,1.29 K,1.11 K
2024-06-06 21:08:00,1.34 K,1.58 K,3.22 K
2024-06-06 21:09:00,1.37 K,1.27 K,2.58 K
2024-06-06 21:10:00,1.34 K,1.80 K,2.26 K
2024-06-06 21:11:00,1.38 K,1.75 K,2.91 K
2024-06-06 21:12:00,1.35 K,1.74 K,2.24 K
2024-06-06 21:13:00,1.70 K,2.04 K,1.35 K
2024-06-06 21:14:00,1.67 K,1.84 K,1.74 K
2024-06-06 21:15:00,1.66 K,1.88 K,1.67 K
2024-06-06 21:16:00,1.66 K,1.61 K,1.73 K
2024-06-06 21:17:00,1.69 K,1.85 K,2.07 K
2024-06-06 21:18:00,1.67 K,1.91 K,2.36 K
2024-06-06 21:19:00,1.67 K,1.90 K,2.08 K
2024-06-06 21:20:00,1.63 K,1.90 K,2.05 K
2024-06-06 21:21:00,1.67 K,1.98 K,1.93 K
2024-06-06 21:22:00,1.67 K,1.90 K,1.71 K
2024-06-06 21:23:00,1.67 K,1.82 K,2.77 K
2024-06-06 21:24:00,1.07 K,1.20 K,2.16 K
2024-06-06 21:25:00,1.08 K,974,1.40 K
2024-06-06 21:26:00,1.06 K,1.12 K,2.11 K
2024-06-06 21:27:00,1.08 K,1.12 K,1.36 K
2024-06-06 21:28:00,1.08 K,1.12 K,1.35 K
2024-06-06 21:29:00,1.66 K,1.95 K,2.33 K
2024-06-06 21:30:00,1.65 K,1.95 K,2.03 K
2024-06-06 21:31:00,1.68 K,1.88 K,2.09 K
2024-06-06 21:32:00,1.67 K,1.87 K,1.33 K
2024-06-06 21:33:00,1.65 K,1.82 K,1.31 K
2024-06-06 21:34:00,1.68 K,1.84 K,3.09 K
2024-06-06 21:35:00,1.68 K,2.01 K,1.68 K
2024-06-06 21:36:00,1.66 K,1.92 K,2.02 K
2024-06-06 21:37:00,1.10 K,1.17 K,1.60 K
2024-06-06 21:38:00,1.08 K,1.19 K,1.40 K
2024-06-06 21:39:00,1.43 K,1.21 K,2.13 K
2024-06-06 21:40:00,1.81 K,1.89 K,2.65 K
2024-06-06 21:41:00,2.46 K,2.40 K,2.51 K
2024-06-06 21:42:00,2.64 K,2.67 K,2.96 K
2024-06-06 21:43:00,2.57 K,2.54 K,2.45 K
2024-06-06 21:44:00,1.31 K,1.16 K,1.40 K
2024-06-06 21:45:00,1.30 K,1.18 K,654
2024-06-06 21:46:00,1.31 K,1.08 K,1.38 K
2024-06-06 21:47:00,1.30 K,1.40 K,1.02 K
2024-06-06 21:48:00,1.32 K,1.34 K,1.78 K
2024-06-06 21:49:00,1.33 K,1.17 K,1.69 K
2024-06-06 21:50:00,2.45 K,2.43 K,2.67 K
2024-06-06 21:51:00,2.57 K,2.56 K,3.57 K
2024-06-06 21:52:00,1.93 K,1.79 K,1.72 K
2024-06-06 21:53:00,878,1.06 K,648
2024-06-06 21:54:00,1.29 K,1.16 K,1.95 K
2024-06-06 21:55:00,1.31 K,1.17 K,2.42 K
2024-06-06 21:56:00,1.30 K,1.11 K,649
2024-06-06 21:57:00,1.31 K,1.10 K,1.40 K
2024-06-06 21:58:00,2.45 K,2.47 K,3.05 K
2024-06-06 21:59:00,2.65 K,2.57 K,2.55 K
2024-06-06 22:00:00,1.95 K,1.85 K,1.72 K
2024-06-06 22:01:00,1.31 K,1.10 K,1.43 K
2024-06-06 22:02:00,1.29 K,986,1.43 K
2024-06-06 22:03:00,1.31 K,1.11 K,1.41 K
2024-06-06 22:04:00,1.31 K,1.07 K,1.81 K
2024-06-06 22:05:00,1.29 K,1.04 K,1.46 K
2024-06-06 22:06:00,2.43 K,2.29 K,2.33 K
2024-06-06 22:07:00,2.48 K,2.60 K,2.07 K
2024-06-06 22:08:00,2.26 K,2.25 K,2.09 K
2024-06-06 22:09:00,1.29 K,1.13 K,664
2024-06-06 22:10:00,1.29 K,1.13 K,1.78 K
2024-06-06 22:11:00,1.29 K,1.05 K,1.05 K
2024-06-06 22:12:00,1.30 K,1.07 K,1.41 K
2024-06-06 22:13:00,1.30 K,1.09 K,1.75 K
2024-06-06 22:14:00,2.13 K,2.18 K,1.67 K
2024-06-06 22:15:00,2.39 K,2.41 K,2.71 K
2024-06-06 22:16:00,2.56 K,2.65 K,3.58 K
2024-06-06 22:17:00,1.30 K,1.07 K,1.75 K
2024-06-06 22:18:00,1.29 K,1.17 K,1.78 K
2024-06-06 22:19:00,1.30 K,1.28 K,1.72 K
2024-06-06 22:20:00,1.28 K,1.06 K,1.60 K
2024-06-06 22:21:00,1.30 K,1.17 K,1.37 K
2024-06-06 22:22:00,1.32 K,1.13 K,1.02 K
2024-06-06 22:23:00,2.44 K,2.58 K,2.20 K
2024-06-06 22:24:00,2.69 K,2.77 K,2.79 K
2024-06-06 22:25:00,1.94 K,2.02 K,1.95 K
2024-06-06 22:26:00,1.31 K,1.22 K,1.24 K
2024-06-06 22:27:00,1.30 K,1.00 K,746
2024-06-06 22:28:00,1.31 K,1.09 K,1.01 K
2024-06-06 22:29:00,1.29 K,1.06 K,1.35 K
2024-06-06 22:30:00,1.30 K,1.13 K,723
2024-06-06 22:31:00,1.69 K,1.85 K,1.21 K
2024-06-06 22:32:00,2.39 K,2.52 K,3.33 K
2024-06-06 22:33:00,2.56 K,2.65 K,1.80 K
2024-06-06 22:34:00,1.31 K,1.15 K,669
2024-06-06 22:35:00,1.30 K,936,2.14 K
2024-06-06 22:36:00,1.30 K,1.05 K,656
2024-06-06 22:37:00,1.30 K,1.03 K,1.06 K
2024-06-06 22:38:00,1.30 K,1.23 K,1.74 K
2024-06-06 22:39:00,1.29 K,1.20 K,1.04 K
2024-06-06 22:40:00,2.44 K,2.53 K,2.38 K
2024-06-06 22:41:00,2.59 K,2.75 K,3.25 K
2024-06-06 22:42:00,1.93 K,1.72 K,2.31 K
2024-06-06 22:43:00,1.31 K,1.13 K,2.16 K
2024-06-06 22:44:00,1.31 K,1.31 K,2.15 K
2024-06-06 22:45:00,1.30 K,1.01 K,1.86 K
2024-06-06 22:46:00,1.31 K,1.15 K,2.58 K
2024-06-06 22:47:00,1.31 K,1.29 K,1.05 K
2024-06-06 22:48:00,2.44 K,2.55 K,2.68 K
2024-06-06 22:49:00,2.43 K,2.32 K,3.58 K
2024-06-06 22:50:00,2.63 K,2.58 K,3.23 K
2024-06-06 22:51:00,1.31 K,1.20 K,1.70 K
2024-06-06 22:52:00,1.32 K,1.07 K,2.16 K
2024-06-06 22:53:00,1.30 K,1.21 K,1.77 K
2024-06-06 22:54:00,1.31 K,1.14 K,1.89 K
2024-06-06 22:55:00,1.33 K,1.36 K,1.64 K
2024-06-06 22:56:00,1.31 K,1.24 K,1.83 K
2024-06-06 22:57:00,2.48 K,2.52 K,3.41 K
2024-06-06 22:58:00,2.68 K,2.74 K,4.06 K
2024-06-06 22:59:00,1.97 K,1.91 K,2.83 K
2024-06-06 23:00:00,1.34 K,1.20 K,2.17 K
2024-06-06 23:01:00,1.33 K,1.04 K,2.22 K
2024-06-06 23:02:00,1.32 K,1.02 K,1.15 K
2024-06-06 23:03:00,1.33 K,1.06 K,1.83 K
2024-06-06 23:04:00,1.33 K,1.13 K,2.86 K
2024-06-06 23:05:00,2.42 K,2.48 K,2.83 K
2024-06-06 23:06:00,2.39 K,2.50 K,1.90 K
2024-06-06 23:07:00,2.53 K,2.53 K,3.16 K
2024-06-06 23:08:00,1.31 K,1.11 K,1.06 K
2024-06-06 23:09:00,1.31 K,1.14 K,1.05 K
2024-06-06 23:10:00,1.31 K,1.08 K,1.78 K
2024-06-06 23:11:00,1.31 K,944,1.04 K
2024-06-06 23:12:00,1.32 K,1.03 K,669
2024-06-06 23:13:00,1.30 K,1.06 K,1.83 K
2024-06-06 23:14:00,2.45 K,2.49 K,2.29 K
2024-06-06 23:15:00,2.63 K,2.88 K,2.57 K
2024-06-06 23:16:00,1.91 K,1.81 K,2.45 K
2024-06-06 23:17:00,1.31 K,1.02 K,1.80 K
2024-06-06 23:18:00,1.32 K,1.10 K,1.99 K
2024-06-06 23:19:00,1.31 K,1.20 K,2.90 K
2024-06-06 23:20:00,1.32 K,1.21 K,1.05 K
2024-06-06 23:21:00,1.29 K,1.28 K,1.04 K
2024-06-06 23:22:00,2.32 K,2.66 K,3.05 K
2024-06-06 23:23:00,2.39 K,2.61 K,3.32 K
2024-06-06 23:24:00,2.58 K,2.73 K,2.46 K
2024-06-06 23:25:00,1.31 K,1.29 K,1.40 K
2024-06-06 23:26:00,1.32 K,1.17 K,644
2024-06-06 23:27:00,1.29 K,982,1.05 K
2024-06-06 23:28:00,1.31 K,1.16 K,660
2024-06-06 23:29:00,1.30 K,1.36 K,1.18 K
2024-06-06 23:30:00,1.30 K,1.13 K,1.41 K
2024-06-06 23:31:00,2.43 K,2.37 K,2.29 K
2024-06-06 23:32:00,2.54 K,2.63 K,2.39 K
2024-06-06 23:33:00,1.92 K,2.18 K,2.84 K
2024-06-06 23:34:00,1.31 K,1.37 K,1.12 K
2024-06-06 23:35:00,1.30 K,921,2.13 K
2024-06-06 23:36:00,1.31 K,1.21 K,2.17 K
2024-06-06 23:37:00,1.31 K,1.20 K,1.43 K
2024-06-06 23:38:00,1.30 K,891,2.15 K
2024-06-06 23:39:00,1.31 K,1.06 K,1.81 K
2024-06-06 23:40:00,2.38 K,2.46 K,2.32 K
2024-06-06 23:41:00,2.66 K,2.66 K,3.22 K
2024-06-06 23:42:00,1.29 K,1.05 K,1.04 K
2024-06-06 23:43:00,1.30 K,1.04 K,282
2024-06-06 23:44:00,1.32 K,939,1.78 K
2024-06-06 23:45:00,1.31 K,1.00 K,1.05 K
2024-06-06 23:46:00,2.44 K,2.37 K,1.93 K
2024-06-06 23:47:00,2.65 K,2.66 K,1.77 K
2024-06-06 23:48:00,1.93 K,1.99 K,1.74 K
2024-06-06 23:49:00,1.30 K,1.08 K,687
2024-06-06 23:50:00,1.32 K,1.22 K,446
2024-06-06 23:51:00,1.31 K,1.08 K,1.06 K
2024-06-06 23:52:00,1.32 K,1.03 K,851
2024-06-06 23:53:00,969,1.04 K,781
2024-06-06 23:54:00,2.06 K,2.35 K,2.84 K
2024-06-06 23:55:00,2.11 K,2.37 K,2.69 K
2024-06-06 23:56:00,2.24 K,2.57 K,2.77 K
2024-06-06 23:57:00,1.11 K,1.07 K,1.92 K
2024-06-06 23:58:00,976,825,714
2024-06-06 23:59:00,947,913,783
2024-06-07 00:00:00,1.54 K,1.72 K,2.13 K
2024-06-07 00:01:00,2.11 K,2.58 K,2.05 K
2024-06-07 00:02:00,2.22 K,2.64 K,1.45 K
2024-06-07 00:03:00,1.54 K,1.76 K,1.47 K
2024-06-07 00:04:00,973,993,404
2024-06-07 00:05:00,964,1.12 K,24.1
2024-06-07 00:06:00,984,1.07 K,1.14 K
2024-06-07 00:07:00,972,935,1.12 K
2024-06-07 00:08:00,983,1.10 K,1.83 K
2024-06-07 00:09:00,2.08 K,2.41 K,3.14 K
2024-06-07 00:10:00,2.34 K,2.59 K,1.88 K
2024-06-07 00:11:00,1.62 K,1.79 K,2.16 K
2024-06-07 00:12:00,1.42 K,1.79 K,1.46 K
2024-06-07 00:13:00,1.87 K,2.43 K,2.49 K
2024-06-07 00:14:00,1.85 K,2.46 K,3.09 K
2024-06-07 00:15:00,1.86 K,2.39 K,3.65 K
2024-06-07 00:16:00,1.88 K,2.39 K,2.51 K
2024-06-07 00:17:00,1.89 K,2.57 K,3.20 K
2024-06-07 00:18:00,1.87 K,2.44 K,2.54 K
2024-06-07 00:19:00,1.87 K,2.44 K,2.18 K
2024-06-07 00:20:00,1.88 K,2.59 K,2.46 K
2024-06-07 00:21:00,1.89 K,2.57 K,1.79 K
2024-06-07 00:22:00,1.88 K,2.36 K,2.15 K
2024-06-07 00:23:00,1.85 K,2.46 K,1.41 K
2024-06-07 00:24:00,1.84 K,2.39 K,2.90 K
2024-06-07 00:25:00,1.84 K,2.46 K,2.53 K
2024-06-07 00:26:00,1.84 K,2.41 K,2.15 K
2024-06-07 00:27:00,1.87 K,2.39 K,2.14 K
2024-06-07 00:28:00,1.81 K,2.45 K,2.14 K
2024-06-07 00:29:00,1.21 K,1.94 K,1.47 K
2024-06-07 00:30:00,546,1.16 K,1.17 K
2024-06-07 00:31:00,540,1.02 K,408
2024-06-07 00:32:00,1.52 K,2.23 K,2.59 K
2024-06-07 00:33:00,2.46 K,3.19 K,4.56 K
2024-06-07 00:34:00,2.55 K,2.85 K,2.86 K
2024-06-07 00:35:00,2.30 K,2.68 K,2.36 K
2024-06-07 00:36:00,2.32 K,2.60 K,4.02 K
2024-06-07 00:37:00,2.26 K,2.52 K,3.34 K
2024-06-07 00:38:00,2.21 K,2.38 K,2.20 K
2024-06-07 00:39:00,2.20 K,2.36 K,2.48 K
2024-06-07 00:40:00,2.14 K,2.48 K,3.23 K
2024-06-07 00:41:00,2.18 K,2.52 K,2.44 K
2024-06-07 00:42:00,2.14 K,2.47 K,3.22 K
2024-06-07 00:43:00,2.06 K,2.42 K,1.73 K
2024-06-07 00:44:00,2.15 K,2.50 K,2.07 K
2024-06-07 00:45:00,2.17 K,2.49 K,2.86 K
2024-06-07 00:46:00,2.14 K,2.48 K,2.52 K
2024-06-07 00:47:00,1.56 K,1.82 K,1.45 K
2024-06-07 00:48:00,1.52 K,1.77 K,1.84 K
2024-06-07 00:49:00,1.54 K,1.78 K,1.42 K
2024-06-07 00:50:00,1.52 K,1.68 K,1.04 K
2024-06-07 00:51:00,1.51 K,1.66 K,1.97 K
2024-06-07 00:52:00,1.53 K,1.64 K,1.63 K
2024-06-07 00:53:00,1.52 K,1.78 K,1.44 K
2024-06-07 00:54:00,1.53 K,1.65 K,1.09 K
2024-06-07 00:55:00,1.53 K,1.47 K,1.50 K
2024-06-07 00:56:00,1.52 K,1.62 K,2.61 K
2024-06-07 00:57:00,973,957,289
2024-06-07 00:58:00,960,966,786
2024-06-07 00:59:00,974,995,1.90 K
2024-06-07 01:00:00,949,904,23.9
2024-06-07 01:01:00,1.52 K,1.66 K,998
2024-06-07 01:02:00,2.02 K,2.33 K,2.13 K
2024-06-07 01:03:00,2.32 K,2.52 K,1.48 K
2024-06-07 01:04:00,1.57 K,1.73 K,1.44 K
2024-06-07 01:05:00,939,1.00 K,799
2024-06-07 01:06:00,950,990,25.8
2024-06-07 01:07:00,954,1.14 K,1.34 K
2024-06-07 01:08:00,949,1.24 K,1.19 K
2024-06-07 01:09:00,966,1.06 K,396
2024-06-07 01:10:00,2.09 K,2.26 K,3.25 K
2024-06-07 01:11:00,2.19 K,2.52 K,2.56 K
2024-06-07 01:12:00,1.53 K,1.71 K,1.41 K
2024-06-07 01:13:00,952,922,772
2024-06-07 01:14:00,964,1.02 K,1.52 K
2024-06-07 01:15:00,958,1.03 K,2.60 K
2024-06-07 01:16:00,952,913,1.27 K
2024-06-07 01:17:00,964,977,799
2024-06-07 01:18:00,2.06 K,2.35 K,1.94 K
2024-06-07 01:19:00,2.14 K,2.53 K,2.79 K
2024-06-07 01:20:00,1.55 K,1.87 K,1.96 K
2024-06-07 01:21:00,953,1.12 K,784
2024-06-07 01:22:00,963,1.09 K,529
2024-06-07 01:23:00,955,1.11 K,2.23 K
2024-06-07 01:24:00,960,1.11 K,1.75 K
2024-06-07 01:25:00,959,1.10 K,1.58 K
2024-06-07 01:26:00,2.09 K,2.43 K,2.43 K
2024-06-07 01:27:00,2.03 K,2.35 K,3.18 K
2024-06-07 01:28:00,1.70 K,2.12 K,3.09 K
2024-06-07 01:29:00,942,1.12 K,905
2024-06-07 01:30:00,959,1.10 K,791
2024-06-07 01:31:00,957,1.17 K,1.54 K
2024-06-07 01:32:00,960,1.09 K,1.15 K
2024-06-07 01:33:00,962,1.10 K,1.58 K
2024-06-07 01:34:00,1.45 K,1.65 K,1.40 K
2024-06-07 01:35:00,543,1.07 K,407
2024-06-07 01:36:00,964,1.28 K,1.55 K
2024-06-07 01:37:00,1.46 K,1.68 K,1.36 K
2024-06-07 01:38:00,2.15 K,2.44 K,2.14 K
2024-06-07 01:39:00,2.31 K,2.61 K,3.96 K
2024-06-07 01:40:00,1.55 K,1.75 K,2.55 K
2024-06-07 01:41:00,964,1.15 K,1.13 K
2024-06-07 01:42:00,967,1.17 K,781
2024-06-07 01:43:00,972,1.05 K,773
2024-06-07 01:44:00,957,940,776
2024-06-07 01:45:00,963,1.04 K,769
2024-06-07 01:46:00,2.04 K,2.41 K,2.13 K
2024-06-07 01:47:00,2.13 K,2.43 K,2.03 K
2024-06-07 01:48:00,1.56 K,1.72 K,2.55 K
2024-06-07 01:49:00,971,1.14 K,1.51 K
2024-06-07 01:50:00,957,1.05 K,853
2024-06-07 01:51:00,970,1.11 K,1.16 K
2024-06-07 01:52:00,967,1.14 K,1.15 K
2024-06-07 01:53:00,962,1.07 K,1.90 K
2024-06-07 01:54:00,2.11 K,2.31 K,2.82 K
2024-06-07 01:55:00,2.07 K,2.34 K,2.79 K
2024-06-07 01:56:00,2.23 K,2.50 K,3.21 K
2024-06-07 01:57:00,959,1.16 K,1.54 K
2024-06-07 01:58:00,956,883,1.52 K
2024-06-07 01:59:00,961,783,1.54 K
2024-06-07 02:00:00,956,797,719
2024-06-07 02:01:00,958,844,1.90 K
2024-06-07 02:02:00,966,755,581
2024-06-07 02:03:00,2.07 K,2.06 K,2.78 K
2024-06-07 02:04:00,2.29 K,2.21 K,2.26 K
2024-06-07 02:05:00,1.51 K,1.45 K,692
2024-06-07 02:06:00,967,633,1.51 K
2024-06-07 02:07:00,954,695,600
2024-06-07 02:08:00,972,746,1.17 K
2024-06-07 02:09:00,965,739,1.19 K
2024-06-07 02:10:00,968,629,392
2024-06-07 02:11:00,2.12 K,2.03 K,1.66 K
2024-06-07 02:12:00,2.22 K,2.16 K,2.23 K
2024-06-07 02:13:00,1.55 K,1.50 K,1.84 K
2024-06-07 02:14:00,962,594,950
2024-06-07 02:15:00,967,808,1.41 K
2024-06-07 02:16:00,955,641,410
2024-06-07 02:17:00,952,620,415
2024-06-07 02:18:00,957,630,539
2024-06-07 02:19:00,2.12 K,2.05 K,1.69 K
2024-06-07 02:20:00,2.09 K,2.06 K,2.55 K
2024-06-07 02:21:00,2.18 K,2.14 K,2.13 K
2024-06-07 02:22:00,976,631,1.39 K
2024-06-07 02:23:00,972,570,1.85 K
2024-06-07 02:24:00,976,699,2.21 K
2024-06-07 02:25:00,971,605,1.88 K
2024-06-07 02:26:00,969,663,765
2024-06-07 02:27:00,964,612,1.13 K
2024-06-07 02:28:00,2.05 K,1.98 K,2.39 K
2024-06-07 02:29:00,2.31 K,2.21 K,2.01 K
2024-06-07 02:30:00,1.58 K,1.28 K,1.76 K
2024-06-07 02:31:00,965,575,1.50 K
2024-06-07 02:32:00,958,610,1.13 K
2024-06-07 02:33:00,958,673,713
2024-06-07 02:34:00,957,701,1.14 K
2024-06-07 02:35:00,968,611,755
2024-06-07 02:36:00,2.06 K,1.94 K,2.74 K
2024-06-07 02:37:00,2.04 K,2.00 K,2.42 K
2024-06-07 02:38:00,1.49 K,1.47 K,1.78 K
2024-06-07 02:39:00,962,597,1.54 K
2024-06-07 02:40:00,941,627,407
2024-06-07 02:41:00,949,616,1.15 K
2024-06-07 02:42:00,940,777,1.53 K
2024-06-07 02:43:00,947,708,1.21 K
2024-06-07 02:44:00,962,590,1.61 K
2024-06-07 02:45:00,2.04 K,1.99 K,2.75 K
2024-06-07 02:46:00,2.25 K,2.22 K,2.62 K
2024-06-07 02:47:00,744,733,1.89 K
2024-06-07 02:48:00,731,752,1.51 K
2024-06-07 02:49:00,737,607,1.23 K
2024-06-07 02:50:00,745,794,1.14 K
2024-06-07 02:51:00,1.31 K,1.47 K,2.14 K
2024-06-07 02:52:00,541,703,1.88 K
2024-06-07 02:53:00,961,754,763
2024-06-07 02:54:00,1.53 K,1.21 K,1.74 K
2024-06-07 02:55:00,2.15 K,1.97 K,1.51 K
2024-06-07 02:56:00,2.25 K,2.12 K,1.48 K
2024-06-07 02:57:00,1.56 K,1.37 K,1.83 K
2024-06-07 02:58:00,965,680,1.39 K
2024-06-07 02:59:00,953,651,786
2024-06-07 03:00:00,975,778,1.46 K
2024-06-07 03:01:00,968,831,780
2024-06-07 03:02:00,979,784,789
2024-06-07 03:03:00,2.02 K,2.05 K,2.46 K
2024-06-07 03:04:00,2.28 K,2.21 K,1.58 K
2024-06-07 03:05:00,1.54 K,1.47 K,1.72 K
2024-06-07 03:06:00,974,653,790
2024-06-07 03:07:00,963,687,216
2024-06-07 03:08:00,541,652,1.92 K
2024-06-07 03:09:00,761,760,23.5
2024-06-07 03:10:00,1.29 K,1.28 K,1.45 K
2024-06-07 03:11:00,1.31 K,1.52 K,2.94 K
2024-06-07 03:12:00,1.35 K,1.40 K,1.52 K
2024-06-07 03:13:00,968,630,1.99 K
2024-06-07 03:14:00,958,739,424
2024-06-07 03:15:00,1.52 K,1.06 K,1.10 K
2024-06-07 03:16:00,2.05 K,1.32 K,1.28 K
2024-06-07 03:17:00,2.26 K,1.51 K,1.46 K
2024-06-07 03:18:00,1.54 K,690,685
2024-06-07 03:19:00,982,0.0439,-0.284
2024-06-07 03:20:00,982,0.0164,-0.416
2024-06-07 03:21:00,982,0.0545,-0.416
2024-06-07 03:22:00,970,0.0863,-0.318
2024-06-07 03:23:00,975,0.126,-0.0366
2024-06-07 03:24:00,2.06 K,1.32 K,1.32 K
2024-06-07 03:25:00,2.10 K,1.35 K,1.32 K
2024-06-07 03:26:00,2.16 K,1.40 K,1.38 K
2024-06-07 03:27:00,973,0.0249,-0.00924
2024-06-07 03:28:00,970,0.0375,-0.0641
2024-06-07 03:29:00,959,0.0550,0.0550
2024-06-07 03:30:00,960,0.104,0.0561
2024-06-07 03:31:00,960,0.225,-0.0290
2024-06-07 03:32:00,1.54 K,684,639
2024-06-07 03:33:00,2.08 K,1.34 K,1.27 K
2024-06-07 03:34:00,2.23 K,1.49 K,1.47 K
2024-06-07 03:35:00,960,0.228,-0.0229
2024-06-07 03:36:00,964,0.227,-0.0928
2024-06-07 03:37:00,958,0.218,-0.103
2024-06-07 03:38:00,959,0.234,-0.108
2024-06-07 03:39:00,970,0.226,-0.106
2024-06-07 03:40:00,959,0.227,-0.0931
2024-06-07 03:41:00,2.05 K,1.33 K,1.31 K
2024-06-07 03:42:00,2.28 K,1.55 K,1.55 K
2024-06-07 03:43:00,1.54 K,710,720
2024-06-07 03:44:00,958,0.262,-0.354
2024-06-07 03:45:00,959,0.322,-0.0613
2024-06-07 03:46:00,946,0.276,0.0172
2024-06-07 03:47:00,947,0.297,0.0136
2024-06-07 03:48:00,947,0.308,0.0172
2024-06-07 03:49:00,2.04 K,1.37 K,1.39 K
2024-06-07 03:50:00,2.01 K,1.31 K,1.34 K
2024-06-07 03:51:00,2.16 K,1.45 K,1.46 K
2024-06-07 03:52:00,946,0.302,-0.0707
2024-06-07 03:53:00,954,0.271,-0.0747
2024-06-07 03:54:00,949,0.306,0.0169
2024-06-07 03:55:00,954,3.10 K,15.8
2024-06-07 03:56:00,940,3.09 K,2.58 K
2024-06-07 03:57:00,949,3.10 K,2.59 K
2024-06-07 03:58:00,2.00 K,4.42 K,3.87 K
2024-06-07 03:59:00,2.29 K,3.89 K,4.07 K
2024-06-07 04:00:00,1.52 K,2.31 K,3.33 K
2024-06-07 04:01:00,954,2.08 K,2.65 K
2024-06-07 04:02:00,1.84,1.70 K,2.61 K
2024-06-07 04:03:00,1.78,1.33 K,2.64 K
2024-06-07 04:04:00,422,1.86 K,2.65 K
2024-06-07 04:05:00,430,2.32 K,2.62 K
2024-06-07 04:06:00,636,806,2.62 K
2024-06-07 04:07:00,858,1.17 K,2.64 K
2024-06-07 04:08:00,845,237,2.29 K
2024-06-07 04:09:00,1.73 K,2.48 K,3.19 K
2024-06-07 04:10:00,1.74 K,2.89 K,2.94 K
2024-06-07 04:11:00,1.70 K,1.37 K,1.37 K
2024-06-07 04:12:00,1.72 K,1.36 K,1.35 K
2024-06-07 04:13:00,1.70 K,1.36 K,1.35 K
2024-06-07 04:14:00,1.71 K,1.35 K,1.35 K
2024-06-07 04:15:00,1.69 K,1.34 K,1.33 K
2024-06-07 04:16:00,1.70 K,1.35 K,1.34 K
2024-06-07 04:17:00,1.69 K,1.34 K,1.34 K
2024-06-07 04:18:00,1.68 K,1.35 K,1.34 K
2024-06-07 04:19:00,1.69 K,1.35 K,1.34 K
2024-06-07 04:20:00,1.67 K,1.35 K,1.34 K
2024-06-07 04:21:00,1.68 K,1.36 K,1.36 K
2024-06-07 04:22:00,1.68 K,1.36 K,1.36 K
2024-06-07 04:23:00,1.68 K,1.36 K,1.36 K
2024-06-07 04:24:00,1.68 K,1.36 K,1.36 K
2024-06-07 04:25:00,1.07 K,680,679
2024-06-07 04:26:00,426,0.339,-0.0624
2024-06-07 04:27:00,432,0.319,-0.0555
2024-06-07 04:28:00,1.46 K,1.12 K,1.08 K
2024-06-07 04:29:00,2.29 K,2.05 K,1.97 K
2024-06-07 04:30:00,2.33 K,1.69 K,1.66 K
2024-06-07 04:31:00,2.17 K,1.53 K,1.51 K
2024-06-07 04:32:00,2.17 K,1.52 K,1.47 K
2024-06-07 04:33:00,2.15 K,1.50 K,1.48 K
2024-06-07 04:34:00,2.12 K,1.44 K,1.38 K
2024-06-07 04:35:00,2.09 K,1.41 K,1.37 K
2024-06-07 04:36:00,2.04 K,1.40 K,1.38 K
2024-06-07 04:37:00,2.01 K,1.37 K,1.34 K
2024-06-07 04:38:00,2.00 K,1.36 K,1.32 K
2024-06-07 04:39:00,2.01 K,1.34 K,1.29 K
2024-06-07 04:40:00,1.98 K,1.32 K,1.29 K
2024-06-07 04:41:00,1.95 K,1.30 K,1.27 K
2024-06-07 04:42:00,1.97 K,1.30 K,1.28 K
2024-06-07 04:43:00,1.39 K,650,643
2024-06-07 04:44:00,1.40 K,655,645
2024-06-07 04:45:00,1.42 K,663,654
2024-06-07 04:46:00,1.40 K,653,646
2024-06-07 04:47:00,1.38 K,637,638
2024-06-07 04:48:00,1.38 K,656,661
2024-06-07 04:49:00,1.37 K,646,653
2024-06-07 04:50:00,1.34 K,651,633
2024-06-07 04:51:00,837,0.429,-0.0787
2024-06-07 04:52:00,837,0.394,-0.113
2024-06-07 04:53:00,835,0.378,-0.117
2024-06-07 04:54:00,845,0.401,-0.120
2024-06-07 04:55:00,1.35 K,641,641
2024-06-07 04:56:00,1.93 K,1.31 K,1.29 K
2024-06-07 04:57:00,2.03 K,1.46 K,1.46 K
2024-06-07 04:58:00,1.39 K,673,674
2024-06-07 04:59:00,848,0.316,-0.401
2024-06-07 05:00:00,851,0.400,-0.135
2024-06-07 05:01:00,858,0.389,-0.141
2024-06-07 05:02:00,855,0.373,-0.0597
2024-06-07 05:03:00,854,0.366,-0.0580
2024-06-07 05:04:00,1.92 K,1.31 K,1.31 K
2024-06-07 05:05:00,1.95 K,1.34 K,1.34 K
2024-06-07 05:06:00,1.40 K,681,678
2024-06-07 05:07:00,849,0.371,0.0272
2024-06-07 05:08:00,844,0.349,0.0202
2024-06-07 05:09:00,845,0.336,0.00823
2024-06-07 05:10:00,850,0.358,0.0142
2024-06-07 05:11:00,848,0.352,0.0303
2024-06-07 05:12:00,1.93 K,1.34 K,1.32 K
2024-06-07 05:13:00,1.91 K,1.33 K,1.30 K
2024-06-07 05:14:00,1.43 K,708,702
2024-06-07 05:15:00,851,0.364,0.0208
2024-06-07 05:16:00,858,0.363,0.0180
2024-06-07 05:17:00,858,0.359,0.0252
2024-06-07 05:18:00,854,0.340,0.0261
2024-06-07 05:19:00,856,0.364,0.0208
2024-06-07 05:20:00,1.44 K,716,697
2024-06-07 05:21:00,1.92 K,1.32 K,1.27 K
2024-06-07 05:22:00,2.10 K,1.50 K,1.45 K
2024-06-07 05:23:00,852,0.326,-0.308
2024-06-07 05:24:00,850,0.335,-0.301
2024-06-07 05:25:00,850,0.371,0.0107
2024-06-07 05:26:00,851,0.384,0.0112
2024-06-07 05:27:00,854,0.357,-0.00132
2024-06-07 05:28:00,847,0.349,0.00112
2024-06-07 05:29:00,1.93 K,1.34 K,1.32 K
2024-06-07 05:30:00,1.97 K,1.38 K,1.37 K
2024-06-07 05:31:00,1.41 K,689,685
2024-06-07 05:32:00,851,0.346,-0.00689
2024-06-07 05:33:00,852,0.377,0.00532
2024-06-07 05:34:00,852,0.389,0.00533
2024-06-07 05:35:00,852,0.377,-0.000552
2024-06-07 05:36:00,855,0.365,-0.00664
2024-06-07 05:37:00,1.32 K,695,690
2024-06-07 05:38:00,1.93 K,1.31 K,1.28 K
2024-06-07 05:39:00,2.14 K,1.54 K,1.48 K
2024-06-07 05:40:00,862,0.366,0.00498
2024-06-07 05:41:00,858,0.333,-0.00847
2024-06-07 05:42:00,856,0.333,0.0103
2024-06-07 05:43:00,861,0.336,0.000708
2024-06-07 05:44:00,854,0.358,0.0126
2024-06-07 05:45:00,854,0.359,0.0224
2024-06-07 05:46:00,1.95 K,1.34 K,1.31 K
2024-06-07 05:47:00,1.93 K,1.33 K,1.28 K
2024-06-07 05:48:00,1.42 K,691,680
2024-06-07 05:49:00,855,0.303,-0.292
2024-06-07 05:50:00,856,0.330,0.0209
2024-06-07 05:51:00,855,0.343,0.000340
2024-06-07 05:52:00,853,0.320,0.0132
2024-06-07 05:53:00,862,0.301,-0.0696
2024-06-07 05:54:00,847,0.348,0.0126
2024-06-07 05:55:00,1.93 K,1.32 K,1.29 K
2024-06-07 05:56:00,2.12 K,1.54 K,1.45 K
2024-06-07 05:57:00,989,167,157
2024-06-07 05:58:00,845,0.333,-0.0297
2024-06-07 05:59:00,847,0.342,-0.0281
2024-06-07 06:00:00,848,0.332,-0.0326
2024-06-07 06:01:00,840,0.343,-0.0352
2024-06-07 06:02:00,837,0.316,-0.0256
2024-06-07 06:03:00,1.91 K,1.39 K,1.37 K
2024-06-07 06:04:00,1.92 K,1.34 K,1.28 K
2024-06-07 06:05:00,2.03 K,1.48 K,1.45 K
2024-06-07 06:06:00,825,0.346,0.0544
2024-06-07 06:07:00,825,0.360,0.0429
2024-06-07 06:08:00,819,0.357,0.0361
2024-06-07 06:09:00,835,0.332,0.0945
2024-06-07 06:10:00,840,0.335,0.100
2024-06-07 06:11:00,834,0.297,-0.211
2024-06-07 06:12:00,1.91 K,1.34 K,1.36 K
2024-06-07 06:13:00,1.92 K,1.34 K,1.34 K
2024-06-07 06:14:00,1.41 K,710,706
2024-06-07 06:15:00,838,0.343,-0.295
2024-06-07 06:16:00,844,0.323,-0.307
2024-06-07 06:17:00,847,0.369,-0.00179
2024-06-07 06:18:00,846,0.371,0.0111
2024-06-07 06:19:00,841,0.367,0.0260
2024-06-07 06:20:00,854,0.359,-0.0709
2024-06-07 06:21:00,1.94 K,1.31 K,1.31 K
2024-06-07 06:22:00,2.14 K,1.53 K,1.52 K
2024-06-07 06:23:00,1.41 K,678,687
2024-06-07 06:24:00,846,0.386,-0.156
2024-06-07 06:25:00,862,0.355,-0.151
2024-06-07 06:26:00,854,0.346,-0.0985
2024-06-07 06:27:00,850,0.346,-0.103
2024-06-07 06:28:00,847,0.342,-0.123
2024-06-07 06:29:00,1.33 K,667,669
2024-06-07 06:30:00,1.94 K,1.30 K,1.30 K
2024-06-07 06:31:00,2.11 K,1.48 K,1.50 K
2024-06-07 06:32:00,869,0.323,-0.115
2024-06-07 06:33:00,872,0.317,-0.111
2024-06-07 06:34:00,853,0.378,-0.167
2024-06-07 06:35:00,848,0.384,-0.161
2024-06-07 06:36:00,843,0.433,-0.176
2024-06-07 06:37:00,851,0.411,-0.161
2024-06-07 06:38:00,1.96 K,1.34 K,1.30 K
2024-06-07 06:39:00,1.91 K,1.32 K,1.28 K
2024-06-07 06:40:00,1.45 K,718,691
2024-06-07 06:41:00,852,0.351,-0.0880
2024-06-07 06:42:00,842,0.377,-0.0845
2024-06-07 06:43:00,838,0.362,-0.102
2024-06-07 06:44:00,855,0.363,-0.0902
2024-06-07 06:45:00,854,0.318,-0.381
2024-06-07 06:46:00,858,0.324,-0.385
2024-06-07 06:47:00,1.96 K,1.35 K,1.28 K
2024-06-07 06:48:00,2.02 K,1.39 K,1.33 K
2024-06-07 06:49:00,1.42 K,685,662
2024-06-07 06:50:00,866,0.383,-0.0640
2024-06-07 06:51:00,862,0.390,-0.0769
2024-06-07 06:52:00,861,0.377,-0.0644
2024-06-07 06:53:00,862,0.361,-0.0824
2024-06-07 06:54:00,863,0.392,-0.0778
2024-06-07 06:55:00,862,0.370,-0.0735
2024-06-07 06:56:00,1.94 K,1.32 K,1.27 K
2024-06-07 06:57:00,2.14 K,1.55 K,1.50 K
2024-06-07 06:58:00,1.40 K,689,671
2024-06-07 06:59:00,858,0.381,-0.0738
2024-06-07 07:00:00,858,0.405,-0.145
2024-06-07 07:01:00,853,0.378,-0.0662
2024-06-07 07:02:00,849,0.402,-0.162
2024-06-07 07:03:00,838,0.385,-0.162
2024-06-07 07:04:00,1.33 K,702,715
2024-06-07 07:05:00,1.91 K,1.30 K,1.32 K
2024-06-07 07:06:00,2.10 K,1.51 K,1.50 K
2024-06-07 07:07:00,845,0.443,-0.158
2024-06-07 07:08:00,841,0.421,-0.144
2024-06-07 07:09:00,850,0.410,-0.169
2024-06-07 07:10:00,840,0.361,-0.466
2024-06-07 07:11:00,846,0.348,-0.389
2024-06-07 07:12:00,852,0.304,-0.461
2024-06-07 07:13:00,1.94 K,1.35 K,1.30 K
2024-06-07 07:14:00,1.91 K,1.31 K,1.28 K
2024-06-07 07:15:00,1.48 K,712,665
2024-06-07 07:16:00,865,0.396,-0.169
2024-06-07 07:17:00,859,0.401,-0.165
2024-06-07 07:18:00,857,0.379,-0.165
2024-06-07 07:19:00,851,0.393,-0.0749
2024-06-07 07:20:00,844,0.413,-0.168
2024-06-07 07:21:00,855,0.418,-0.163
2024-06-07 07:22:00,1.94 K,1.35 K,1.30 K
2024-06-07 07:23:00,1.99 K,1.45 K,1.32 K
2024-06-07 07:24:00,1.42 K,713,648
2024-06-07 07:25:00,847,0.427,-0.154
2024-06-07 07:26:00,857,0.378,-0.150
2024-06-07 07:27:00,847,0.377,-0.0636
2024-06-07 07:28:00,845,0.377,-0.0724
2024-06-07 07:29:00,845,0.391,-0.0705
2024-06-07 07:30:00,849,0.374,-0.0720
2024-06-07 07:31:00,1.88 K,1.37 K,1.31 K
2024-06-07 07:32:00,2.09 K,1.53 K,1.52 K
2024-06-07 07:33:00,1.41 K,730,702
2024-06-07 07:34:00,837,0.420,-0.0910
2024-06-07 07:35:00,830,0.351,-0.394
2024-06-07 07:36:00,834,0.365,-0.386
2024-06-07 07:37:00,532,0.348,-0.369
2024-06-07 07:38:00,535,0.422,-0.0741
2024-06-07 07:39:00,538,0.416,-0.0607
2024-06-07 07:40:00,536,0.411,-0.0494
2024-06-07 07:41:00,537,0.394,-0.0492
2024-06-07 07:42:00,539,0.371,-0.0551
2024-06-07 07:43:00,534,0.387,-0.0641
2024-06-07 07:44:00,530,0.366,-0.0511
2024-06-07 07:45:00,530,0.392,-0.0570
2024-06-07 07:46:00,532,0.374,-0.0556
2024-06-07 07:47:00,525,0.374,-0.0674
2024-06-07 07:48:00,522,0.337,-0.362
2024-06-07 07:49:00,535,0.335,-0.378
2024-06-07 07:50:00,539,0.332,-0.369
2024-06-07 07:51:00,542,0.301,-0.371
2024-06-07 07:52:00,543,0.313,-0.367
2024-06-07 07:53:00,541,0.289,-0.371
2024-06-07 07:54:00,544,0.314,-0.371
2024-06-07 07:55:00,544,0.323,-0.373
2024-06-07 07:56:00,545,0.242,-0.351
2024-06-07 07:57:00,540,0.248,-0.339
2024-06-07 07:58:00,545,0.335,-0.358
2024-06-07 07:59:00,544,0.326,-0.361
2024-06-07 08:00:00,545,0.327,-0.348
2024-06-07 08:01:00,541,0.318,-0.363
2024-06-07 08:02:00,541,0.321,-0.358
2024-06-07 08:03:00,538,0.315,-0.360
2024-06-07 08:04:00,543,0.385,-0.162
2024-06-07 08:05:00,543,0.390,-0.0647
2024-06-07 08:06:00,541,0.396,-0.0605
2024-06-07 08:07:00,539,0.394,-0.0597
2024-06-07 08:08:00,546,0.410,-0.0724
2024-06-07 08:09:00,1.20 K,709,687
2024-06-07 08:10:00,1.85 K,1.40 K,1.36 K
2024-06-07 08:11:00,1.86 K,1.41 K,1.36 K
2024-06-07 08:12:00,1.88 K,1.41 K,1.36 K
2024-06-07 08:13:00,1.88 K,1.42 K,1.37 K
2024-06-07 08:14:00,1.89 K,1.43 K,1.37 K
2024-06-07 08:15:00,1.91 K,1.43 K,1.38 K
2024-06-07 08:16:00,1.88 K,1.42 K,1.37 K
2024-06-07 08:17:00,1.87 K,1.41 K,1.36 K
2024-06-07 08:18:00,1.88 K,1.40 K,1.35 K
2024-06-07 08:19:00,1.86 K,1.41 K,1.36 K
2024-06-07 08:20:00,1.87 K,1.40 K,1.35 K
2024-06-07 08:21:00,553,0.317,-0.387
2024-06-07 08:22:00,544,0.332,-0.377
2024-06-07 08:23:00,548,0.314,-0.376
2024-06-07 08:24:00,2.43 K,2.16 K,2.02 K
2024-06-07 08:25:00,2.21 K,1.94 K,1.83 K
2024-06-07 08:26:00,2.45 K,1.75 K,1.66 K
2024-06-07 08:27:00,2.51 K,1.81 K,1.75 K
2024-06-07 08:28:00,2.46 K,1.69 K,1.69 K
2024-06-07 08:29:00,2.36 K,1.58 K,1.61 K